fixed acidity;volatile acidity;citric acid;residual sugar;chlorides;free sulfur dioxide;total sulfur dioxide;density;pH;sulphates;alcohol;quality
7.4;0.7;0;1.9;0.08;11;34;1;3.51;0.56;9.4;5
7.8;0.88;0;2.6;0.1;25;67;1;3.2;0.68;9.8;5
7.8;0.76;0.04;2.3;0.09;15;54;1;3.26;0.65;9.8;5
11.2;0.28;0.56;1.9;0.08;17;60;1;3.16;0.58;9.8;6
7.4;0.7;0;1.9;0.08;11;34;1;3.51;0.56;9.4;5
7.4;0.66;0;1.8;0.08;13;40;1;3.51;0.56;9.4;5
7.9;0.6;0.06;1.6;0.07;15;59;1;3.3;0.46;9.4;5
7.3;0.65;0;1.2;0.07;15;21;0.99;3.39;0.47;10;7
7.8;0.58;0.02;2;0.07;9;18;1;3.36;0.57;9.5;7
7.5;0.5;0.36;6.1;0.07;17;102;1;3.35;0.8;10.5;5
6.7;0.58;0.08;1.8;0.1;15;65;1;3.28;0.54;9.2;5
7.5;0.5;0.36;6.1;0.07;17;102;1;3.35;0.8;10.5;5
5.6;0.62;0;1.6;0.09;16;59;0.99;3.58;0.52;9.9;5
7.8;0.61;0.29;1.6;0.11;9;29;1;3.26;1.56;9.1;5
8.9;0.62;0.18;3.8;0.18;52;145;1;3.16;0.88;9.2;5
8.9;0.62;0.19;3.9;0.17;51;148;1;3.17;0.93;9.2;5
8.5;0.28;0.56;1.8;0.09;35;103;1;3.3;0.75;10.5;7
8.1;0.56;0.28;1.7;0.37;16;56;1;3.11;1.28;9.3;5
7.4;0.59;0.08;4.4;0.09;6;29;1;3.38;0.5;9;4
7.9;0.32;0.51;1.8;0.34;17;56;1;3.04;1.08;9.2;6
8.9;0.22;0.48;1.8;0.08;29;60;1;3.39;0.53;9.4;6
7.6;0.39;0.31;2.3;0.08;23;71;1;3.52;0.65;9.7;5
7.9;0.43;0.21;1.6;0.11;10;37;1;3.17;0.91;9.5;5
8.5;0.49;0.11;2.3;0.08;9;67;1;3.17;0.53;9.4;5
6.9;0.4;0.14;2.4;0.09;21;40;1;3.43;0.63;9.7;6
6.3;0.39;0.16;1.4;0.08;11;23;1;3.34;0.56;9.3;5
7.6;0.41;0.24;1.8;0.08;4;11;1;3.28;0.59;9.5;5
7.9;0.43;0.21;1.6;0.11;10;37;1;3.17;0.91;9.5;5
7.1;0.71;0;1.9;0.08;14;35;1;3.47;0.55;9.4;5
7.8;0.65;0;2;0.08;8;16;1;3.38;0.59;9.8;6
6.7;0.68;0.07;2.4;0.09;17;82;1;3.35;0.54;10.1;5
6.9;0.69;0;2.5;0.11;22;37;1;3.46;0.57;10.6;6
8.3;0.66;0.12;2.3;0.08;15;113;1;3.17;0.66;9.8;5
6.9;0.61;0.12;10.7;0.07;40;83;1;3.45;0.52;9.4;6
5.2;0.32;0.25;1.8;0.1;13;50;1;3.38;0.55;9.2;5
7.8;0.65;0;5.5;0.09;5;18;1;3.4;0.55;9.6;6
7.8;0.6;0.14;2.4;0.09;3;15;1;3.42;0.6;10.8;6
8.1;0.38;0.28;2.1;0.07;13;30;1;3.23;0.73;9.7;7
5.7;1.13;0.09;1.5;0.17;7;19;0.99;3.5;0.48;9.8;4
7.3;0.45;0.36;5.9;0.07;12;87;1;3.33;0.83;10.5;5
7.3;0.45;0.36;5.9;0.07;12;87;1;3.33;0.83;10.5;5
8.8;0.61;0.3;2.8;0.09;17;46;1;3.26;0.51;9.3;4
7.5;0.49;0.2;2.6;0.33;8;14;1;3.21;0.9;10.5;6
8.1;0.66;0.22;2.2;0.07;9;23;1;3.3;1.2;10.3;5
6.8;0.67;0.02;1.8;0.05;5;11;1;3.48;0.52;9.5;5
4.6;0.52;0.15;2.1;0.05;8;65;0.99;3.9;0.56;13.1;4
7.7;0.94;0.43;2.2;0.11;22;114;1;3.25;0.73;9.2;5
8.7;0.29;0.52;1.6;0.11;12;37;1;3.25;0.58;9.5;5
6.4;0.4;0.23;1.6;0.07;5;12;1;3.34;0.56;9.2;5
5.6;0.31;0.37;1.4;0.07;12;96;1;3.32;0.58;9.2;5
8.8;0.66;0.26;1.7;0.07;4;23;1;3.15;0.74;9.2;5
6.6;0.52;0.04;2.2;0.07;8;15;1;3.4;0.63;9.4;6
6.6;0.5;0.04;2.1;0.07;6;14;1;3.39;0.64;9.4;6
8.6;0.38;0.36;3;0.08;30;119;1;3.2;0.56;9.4;5
7.6;0.51;0.15;2.8;0.11;33;73;1;3.17;0.63;10.2;6
7.7;0.62;0.04;3.8;0.08;25;45;1;3.34;0.53;9.5;5
10.2;0.42;0.57;3.4;0.07;4;10;1;3.04;0.63;9.6;5
7.5;0.63;0.12;5.1;0.11;50;110;1;3.26;0.77;9.4;5
7.8;0.59;0.18;2.3;0.08;17;54;1;3.43;0.59;10;5
7.3;0.39;0.31;2.4;0.07;9;46;1;3.41;0.54;9.4;6
8.8;0.4;0.4;2.2;0.08;19;52;1;3.44;0.64;9.2;5
7.7;0.69;0.49;1.8;0.12;20;112;1;3.21;0.71;9.3;5
7.5;0.52;0.16;1.9;0.09;12;35;1;3.38;0.62;9.5;7
7;0.74;0.05;2;0.08;13;54;1;3.39;0.57;9.8;5
7.2;0.73;0.05;4.65;0.09;4;11;1;3.41;0.39;10.9;5
7.2;0.73;0.05;4.65;0.09;4;11;1;3.41;0.39;10.9;5
7.5;0.52;0.11;1.5;0.08;11;39;1;3.42;0.58;9.6;5
6.6;0.71;0.07;1.6;0.08;6;15;1;3.44;0.58;10.7;5
9.3;0.32;0.57;2;0.07;27;65;1;3.28;0.79;10.7;5
8;0.71;0.05;1.9;0.07;8;19;1;3.34;0.95;10.5;6
7.7;0.63;0.08;1.9;0.08;15;27;1;3.32;0.54;9.5;6
7.7;0.67;0.23;2.1;0.09;17;96;1;3.32;0.48;9.5;5
7.7;0.69;0.22;1.9;0.08;18;94;1;3.31;0.48;9.5;5
8.3;0.68;0.26;2.1;0.08;11;43;1;3.31;0.53;9.2;4
9.7;0.32;0.54;2.5;0.09;28;83;1;3.28;0.82;9.6;5
8.8;0.41;0.64;2.2;0.09;9;42;1;3.54;0.66;10.5;5
8.8;0.41;0.64;2.2;0.09;9;42;1;3.54;0.66;10.5;5
6.8;0.79;0;2.4;0.1;14;30;1;3.52;0.55;10.7;6
6.7;0.75;0.12;2;0.09;12;80;1;3.38;0.52;10.1;5
8.3;0.63;0.2;1.5;0.08;27;119;1;3.16;1.12;9.1;4
6.2;0.45;0.2;1.6;0.07;3;15;1;3.41;0.56;9.2;5
7.8;0.43;0.7;1.9;0.46;22;67;1;3.13;1.28;9.4;5
7.4;0.5;0.47;2;0.09;21;73;1;3.36;0.57;9.1;5
7.3;0.67;0.26;1.8;0.4;16;51;1;3.16;1.14;9.4;5
6.3;0.3;0.48;1.8;0.07;18;61;1;3.44;0.78;10.3;6
6.9;0.55;0.15;2.2;0.08;19;40;1;3.41;0.59;10.1;5
8.6;0.49;0.28;1.9;0.11;20;136;1;2.93;1.95;9.9;6
7.7;0.49;0.26;1.9;0.06;9;31;1;3.39;0.64;9.6;5
9.3;0.39;0.44;2.1;0.11;34;125;1;3.14;1.22;9.5;5
7;0.62;0.08;1.8;0.08;8;24;1;3.48;0.53;9;5
7.9;0.52;0.26;1.9;0.08;42;140;1;3.23;0.54;9.5;5
8.6;0.49;0.28;1.9;0.11;20;136;1;2.93;1.95;9.9;6
8.6;0.49;0.29;2;0.11;19;133;1;2.93;1.98;9.8;5
7.7;0.49;0.26;1.9;0.06;9;31;1;3.39;0.64;9.6;5
5;1.02;0.04;1.4;0.05;41;85;0.99;3.75;0.48;10.5;4
4.7;0.6;0.17;2.3;0.06;17;106;0.99;3.85;0.6;12.9;6
6.8;0.78;0;3;0.1;8;23;1;3.45;0.56;10.7;5
7;0.5;0.25;2;0.07;3;22;1;3.25;0.63;9.2;5
7.6;0.9;0.06;2.5;0.08;5;10;1;3.39;0.56;9.8;5
8.1;0.55;0.18;1.9;0.08;13;35;1;3.3;0.59;9;6
8.3;0.61;0.3;2.1;0.08;11;50;1;3.4;0.61;10.2;6
7.8;0.5;0.3;1.9;0.08;8;22;1;3.31;0.56;10.4;6
8.1;0.55;0.18;1.9;0.08;13;35;1;3.3;0.59;9;6
8.1;0.58;0.22;2.1;0.08;12;65;1;3.29;0.51;9.2;5
7.2;0.49;0.24;2.2;0.07;5;36;1;3.33;0.48;9.4;5
8.1;0.58;0.22;2.1;0.08;12;65;1;3.29;0.51;9.2;5
7.8;0.41;0.68;1.7;0.47;18;69;1;3.08;1.31;9.3;5
6.2;0.63;0.31;1.7;0.09;15;64;1;3.46;0.79;9.3;5
8;0.33;0.53;2.5;0.09;18;80;1;3.37;0.8;9.6;6
8.1;0.79;0.52;2;0.12;37;153;1;3.21;0.69;9.3;5
7.8;0.56;0.19;1.8;0.1;12;47;1;3.19;0.93;9.5;5
8.4;0.62;0.09;2.2;0.08;11;108;1;3.15;0.66;9.8;5
8.4;0.6;0.1;2.2;0.09;14;111;1;3.15;0.66;9.8;5
10.1;0.31;0.44;2.3;0.08;22;46;1;3.32;0.67;9.7;6
7.8;0.56;0.19;1.8;0.1;12;47;1;3.19;0.93;9.5;5
9.4;0.4;0.31;2.2;0.09;13;62;1;3.07;0.63;10.5;6
8.3;0.54;0.28;1.9;0.08;11;40;1;3.39;0.61;10;6
7.8;0.56;0.12;2;0.08;7;28;1;3.37;0.5;9.4;6
8.8;0.55;0.04;2.2;0.12;14;56;1;3.21;0.6;10.9;6
7;0.69;0.08;1.8;0.1;22;89;1;3.34;0.54;9.2;6
7.3;1.07;0.09;1.7;0.18;10;89;1;3.3;0.57;9;5
8.8;0.55;0.04;2.2;0.12;14;56;1;3.21;0.6;10.9;6
7.3;0.7;0;2.5;0.08;3;13;1;3.49;0.52;9.2;5
8;0.71;0;2.6;0.08;11;34;1;3.44;0.53;9.5;5
7.8;0.5;0.17;1.6;0.08;21;102;1;3.39;0.48;9.5;5
9;0.62;0.04;1.9;0.15;27;90;1;3.16;0.7;9.4;5
8.2;1.33;0;1.7;0.08;3;12;1;3.53;0.49;10.9;5
8.1;1.33;0;1.8;0.08;3;12;1;3.54;0.48;10.9;5
8;0.59;0.16;1.8;0.07;3;16;1;3.42;0.92;10.5;7
6.1;0.38;0.15;1.8;0.07;6;19;1;3.42;0.57;9.4;5
8;0.75;0.56;2;0.12;30;134;1;3.24;0.66;9.4;5
5.6;0.5;0.09;2.3;0.05;17;99;0.99;3.63;0.63;13;5
5.6;0.5;0.09;2.3;0.05;17;99;0.99;3.63;0.63;13;5
6.6;0.5;0.01;1.5;0.06;17;26;1;3.4;0.58;9.8;6
7.9;1.04;0.05;2.2;0.08;13;29;1;3.22;0.55;9.9;6
8.4;0.75;0.11;1.9;0.09;16;63;1;3.19;0.82;9.6;5
8.3;0.72;0.15;1.8;0.09;10;52;1;3.23;0.77;9.5;5
7.2;0.42;0.36;2;0.08;13;45;1;3.48;0.64;9.2;5
7.8;0.56;0.19;2.1;0.08;15;105;1;3.33;0.54;9.5;5
7.8;0.56;0.19;2;0.08;17;108;1;3.32;0.54;9.5;5
8.4;0.75;0.11;1.9;0.09;16;63;1;3.19;0.82;9.6;5
8.3;0.72;0.15;1.8;0.09;10;52;1;3.23;0.77;9.5;5
5.2;0.34;0;1.8;0.05;27;63;0.99;3.68;0.79;14;6
6.3;0.39;0.08;1.7;0.07;3;20;1;3.34;0.58;9.4;5
5.2;0.34;0;1.8;0.05;27;63;0.99;3.68;0.79;14;6
8.1;0.67;0.55;1.8;0.12;32;141;1;3.17;0.62;9.4;5
5.8;0.68;0.02;1.8;0.09;21;94;0.99;3.54;0.52;10;5
7.6;0.49;0.26;1.6;0.24;10;88;1;3.11;0.8;9.3;5
6.9;0.49;0.1;2.3;0.07;12;30;1;3.42;0.58;10.2;6
8.2;0.4;0.44;2.8;0.09;11;43;1;3.53;0.61;10.5;6
7.3;0.33;0.47;2.1;0.08;5;11;1;3.33;0.53;10.3;6
9.2;0.52;1;3.4;0.61;32;69;1;2.74;2;9.4;4
7.5;0.6;0.03;1.8;0.1;25;99;1;3.35;0.54;10.1;5
7.5;0.6;0.03;1.8;0.1;25;99;1;3.35;0.54;10.1;5
7.1;0.43;0.42;5.5;0.07;29;129;1;3.42;0.72;10.5;5
7.1;0.43;0.42;5.5;0.07;28;128;1;3.42;0.71;10.5;5
7.1;0.43;0.42;5.5;0.07;29;129;1;3.42;0.72;10.5;5
7.1;0.43;0.42;5.5;0.07;28;128;1;3.42;0.71;10.5;5
7.1;0.68;0;2.2;0.07;12;22;1;3.48;0.5;9.3;5
6.8;0.6;0.18;1.9;0.08;18;86;1;3.59;0.57;9.3;6
7.6;0.95;0.03;2;0.09;7;20;1;3.2;0.56;9.6;5
7.6;0.68;0.02;1.3;0.07;9;20;1;3.17;1.08;9.2;4
7.8;0.53;0.04;1.7;0.08;17;31;1;3.33;0.56;10;6
7.4;0.6;0.26;7.3;0.07;36;121;1;3.37;0.49;9.4;5
7.3;0.59;0.26;7.2;0.07;35;121;1;3.37;0.49;9.4;5
7.8;0.63;0.48;1.7;0.1;14;96;1;3.19;0.62;9.5;5
6.8;0.64;0.1;2.1;0.09;18;101;1;3.34;0.52;10.2;5
7.3;0.55;0.03;1.6;0.07;17;42;1;3.37;0.48;9;4
6.8;0.63;0.07;2.1;0.09;11;44;1;3.47;0.55;10.4;6
7.5;0.71;0.24;1.8;0.36;15;63;1;3;1.59;9.5;5
7.9;0.89;0.03;1.8;0.06;4;8;1;3.36;0.33;9.1;4
8;0.42;0.17;2;0.07;6;18;1;3.29;0.61;9.2;6
8;0.42;0.17;2;0.07;6;18;1;3.29;0.61;9.2;6
7.4;0.62;0.05;1.9;0.07;24;42;1;3.42;0.57;11.5;6
7.3;0.38;0.21;2;0.08;7;35;1;3.33;0.47;9.5;5
6.9;0.5;0.04;1.5;0.09;19;49;1;3.35;0.78;9.5;5
7.3;0.38;0.21;2;0.08;7;35;1;3.33;0.47;9.5;5
7.5;0.52;0.42;2.3;0.09;8;38;1;3.58;0.61;10.5;6
7;0.81;0;2.5;0.07;7;20;1;3.48;0.56;9.6;5
8.8;0.61;0.14;2.4;0.07;10;42;1;3.19;0.59;9.5;5
8.8;0.61;0.14;2.4;0.07;10;42;1;3.19;0.59;9.5;5
8.9;0.61;0.49;2;0.27;23;110;1;3.12;1.02;9.3;5
7.2;0.73;0.02;2.5;0.08;16;42;1;3.44;0.52;9.3;5
6.8;0.61;0.2;1.8;0.08;11;65;1;3.54;0.58;9.3;5
6.7;0.62;0.21;1.9;0.08;8;62;1;3.52;0.58;9.3;6
8.9;0.31;0.57;2;0.11;26;85;1;3.26;0.53;9.7;5
7.4;0.39;0.48;2;0.08;14;67;1;3.34;0.55;9.2;5
7.7;0.71;0.1;2.6;0.08;9;26;1;3.39;0.49;9.7;5
7.9;0.5;0.33;2;0.08;15;143;1;3.2;0.55;9.5;5
7.9;0.49;0.32;1.9;0.08;17;144;1;3.2;0.55;9.5;5
8.2;0.5;0.35;2.9;0.08;21;127;1;3.23;0.62;9.4;5
6.4;0.37;0.25;1.9;0.07;21;49;1;3.57;0.62;9.8;6
6.8;0.63;0.12;3.8;0.1;16;126;1;3.28;0.61;9.5;5
7.6;0.55;0.21;2.2;0.07;7;28;1;3.28;0.55;9.7;5
7.6;0.55;0.21;2.2;0.07;7;28;1;3.28;0.55;9.7;5
7.8;0.59;0.33;2;0.07;24;120;1;3.25;0.54;9.4;5
7.3;0.58;0.3;2.4;0.07;15;55;1;3.46;0.59;10.2;5
11.5;0.3;0.6;2;0.07;12;27;1;3.11;0.97;10.1;6
5.4;0.84;0.08;1.2;0.05;13;93;0.99;3.57;0.85;13;7
6.9;1.09;0.06;2.1;0.06;12;31;0.99;3.51;0.43;11.4;4
9.6;0.32;0.47;1.4;0.06;9;24;1;3.22;0.82;10.3;7
8.8;0.37;0.48;2.1;0.1;39;145;1;3.04;1.03;9.3;5
6.8;0.5;0.11;1.5;0.08;16;49;1;3.36;0.79;9.5;5
7;0.42;0.35;1.6;0.09;16;39;1;3.34;0.55;9.2;5
7;0.43;0.36;1.6;0.09;14;37;1;3.34;0.56;9.2;6
12.8;0.3;0.74;2.6;0.1;9;28;1;3.2;0.77;10.8;7
12.8;0.3;0.74;2.6;0.1;9;28;1;3.2;0.77;10.8;7
7.8;0.57;0.31;1.8;0.07;26;120;1;3.29;0.53;9.3;5
7.8;0.44;0.28;2.7;0.1;18;95;1;3.22;0.67;9.4;5
11;0.3;0.58;2.1;0.05;7;19;1;3.31;0.88;10.5;7
9.7;0.53;0.6;2;0.04;5;19;1;3.3;0.86;12.4;6
8;0.73;0.24;2.8;0.08;10;62;1;3.35;0.56;10;6
11.6;0.44;0.64;2.1;0.06;5;15;1;3.21;0.67;10.2;6
8.2;0.57;0.26;2.2;0.06;28;65;1;3.3;0.43;10.1;5
7.8;0.74;0.08;2.4;0.09;10;41;1;3.24;0.71;9.8;6
7;0.49;0.49;5.6;0.06;26;121;1;3.34;0.76;10.5;5
8.7;0.63;0.16;2;0.1;13;49;1;3.14;0.57;11;5
8.1;0.73;0.22;2.2;0.07;11;41;1;3.36;0.55;9.1;5
7.5;0.49;0.19;1.9;0.08;10;44;1;3.39;0.54;9.7;5
7.8;0.53;0.33;2.4;0.08;24;144;1;3.3;0.6;9.5;5
7.8;0.34;0.37;2;0.08;24;58;1;3.34;0.59;9.4;6
7.4;0.53;0.26;2;0.1;16;72;1;3.15;0.57;9.4;5
6.8;0.61;0.04;1.5;0.06;5;10;1;3.42;0.6;9.5;5
8.6;0.65;0.25;2;0.08;8;28;1;3.28;0.6;10;6
8.4;0.64;0.36;2;0.09;15;55;1;3.31;0.57;10.4;4
7.7;0.43;0.25;2.6;0.07;29;63;1;3.37;0.58;10.5;6
8.9;0.59;0.5;2;0.34;27;81;1;3.04;1.61;9.5;6
9;0.82;0.14;2.6;0.09;9;23;1;3.39;0.63;9.8;5
7.7;0.43;0.25;2.6;0.07;29;63;1;3.37;0.58;10.5;6
6.9;0.52;0.25;2.6;0.08;10;37;1;3.46;0.5;11;5
5.2;0.48;0.04;1.6;0.05;19;106;0.99;3.54;0.62;12.2;7
8;0.38;0.06;1.8;0.08;12;49;1;3.37;0.52;9.9;6
8.5;0.37;0.2;2.8;0.09;18;58;1;3.34;0.7;9.6;6
6.9;0.52;0.25;2.6;0.08;10;37;1;3.46;0.5;11;5
8.2;1;0.09;2.3;0.07;7;37;1;3.32;0.55;9;6
7.2;0.63;0;1.9;0.1;14;38;1;3.37;0.58;9;6
7.2;0.63;0;1.9;0.1;14;38;1;3.37;0.58;9;6
7.2;0.65;0;1.9;0.1;15;39;1;3.37;0.58;9.2;6
7.2;0.63;0;1.9;0.1;14;38;1;3.37;0.58;9;6
8.2;1;0.09;2.3;0.07;7;37;1;3.32;0.55;9;6
8.9;0.64;0.37;1.7;0.26;5;62;1;3;1.09;9.3;5
12;0.38;0.56;2.1;0.09;6;24;1;3.14;0.71;10.9;6
7.7;0.58;0.1;1.8;0.1;28;109;1;3.08;0.49;9.8;6
15;0.21;0.44;2.2;0.08;10;24;1;3.07;0.84;9.2;7
15;0.21;0.44;2.2;0.08;10;24;1;3.07;0.84;9.2;7
7.3;0.66;0;2;0.08;6;23;1;3.61;0.96;9.9;6
7.1;0.68;0.07;1.9;0.08;16;51;1;3.38;0.52;9.5;5
8.2;0.6;0.17;2.3;0.07;11;73;1;3.2;0.45;9.3;5
7.7;0.53;0.06;1.7;0.07;9;39;1;3.35;0.48;9.8;6
7.3;0.66;0;2;0.08;6;23;1;3.61;0.96;9.9;6
10.8;0.32;0.44;1.6;0.06;16;37;1;3.22;0.78;10;6
7.1;0.6;0;1.8;0.07;16;34;1;3.47;0.7;9.9;6
11.1;0.35;0.48;3.1;0.09;5;21;1;3.17;0.53;10.5;5
7.7;0.78;0.42;1.9;0.09;8;86;1;3.23;0.59;9.5;5
7.1;0.6;0;1.8;0.07;16;34;1;3.47;0.7;9.9;6
8;0.57;0.23;3.2;0.07;17;119;1;3.26;0.57;9.3;5
9.4;0.34;0.37;2.2;0.08;5;13;1;3.22;0.62;9.2;5
6.6;0.7;0;2.1;0.08;12;56;1;3.49;0.67;9.2;5
7.7;0.41;0.76;1.8;0.61;8;45;1;3.06;1.26;9.4;5
10;0.31;0.47;2.6;0.09;14;33;1;3.36;0.8;10.5;7
7.9;0.33;0.23;1.7;0.08;18;45;1;3.29;0.65;9.3;5
7;0.98;0.04;2;0.09;12;67;1;3.35;0.6;9.4;4
8;0.52;0.03;1.7;0.07;10;35;1;3.34;0.57;10;5
7.9;0.37;0.23;1.8;0.08;23;49;1;3.28;0.67;9.3;5
12.5;0.56;0.49;2.4;0.06;5;27;1;3.08;0.87;10.9;5
11.8;0.26;0.52;1.8;0.07;6;10;1;3.2;0.72;10.2;7
8.1;0.87;0;3.3;0.1;26;61;1;3.6;0.72;9.8;4
7.9;0.35;0.46;3.6;0.08;15;37;1;3.35;0.86;12.8;8
6.9;0.54;0.04;3;0.08;7;27;1;3.69;0.91;9.4;6
11.5;0.18;0.51;4;0.1;4;23;1;3.28;0.97;10.1;6
7.9;0.55;0.06;4;0.09;27;61;1;3.36;0.67;10.7;6
11.5;0.18;0.51;4;0.1;4;23;1;3.28;0.97;10.1;6
10.9;0.37;0.58;4;0.07;17;65;1;3.22;0.78;10.1;5
8.4;0.72;0.2;2.4;0.08;10;38;1;3.31;0.64;9.4;5
7.5;0.65;0.18;7;0.09;27;94;1;3.38;0.77;9.4;5
7.9;0.55;0.06;4;0.09;27;61;1;3.36;0.67;10.7;6
6.9;0.54;0.04;3;0.08;7;27;1;3.69;0.91;9.4;6
11.5;0.18;0.51;4;0.1;4;23;1;3.28;0.97;10.1;6
10.3;0.32;0.45;6.4;0.07;5;13;1;3.23;0.82;12.6;8
8.9;0.4;0.32;5.6;0.09;10;47;1;3.38;0.77;10.5;7
11.4;0.26;0.44;3.6;0.07;6;19;1;3.12;0.82;9.3;6
7.7;0.27;0.68;3.5;0.36;5;10;1;3.25;1.08;9.9;7
7.6;0.52;0.12;3;0.07;12;53;1;3.36;0.57;9.1;5
8.9;0.4;0.32;5.6;0.09;10;47;1;3.38;0.77;10.5;7
9.9;0.59;0.07;3.4;0.1;32;71;1;3.31;0.71;9.8;5
9.9;0.59;0.07;3.4;0.1;32;71;1;3.31;0.71;9.8;5
12;0.45;0.55;2;0.07;25;49;1;3.1;0.76;10.3;6
7.5;0.4;0.12;3;0.09;29;53;1;3.37;0.7;10.3;6
8.7;0.52;0.09;2.5;0.09;20;49;1;3.34;0.86;10.6;7
11.6;0.42;0.53;3.3;0.11;33;98;1;3.2;0.95;9.2;5
8.7;0.52;0.09;2.5;0.09;20;49;1;3.34;0.86;10.6;7
11;0.2;0.48;2;0.34;6;18;1;3.3;0.71;10.5;5
10.4;0.55;0.23;2.7;0.09;18;48;1;3.22;0.64;10.3;6
6.9;0.36;0.25;2.4;0.1;5;16;1;3.41;0.6;10.1;6
13.3;0.34;0.52;3.2;0.09;17;53;1;3.05;0.81;9.5;6
10.8;0.5;0.46;2.5;0.07;5;27;1;3.05;0.64;9.5;5
10.6;0.83;0.37;2.6;0.09;26;70;1;3.16;0.52;9.9;5
7.1;0.63;0.06;2;0.08;8;29;1;3.67;0.73;9.6;5
7.2;0.65;0.02;2.3;0.09;5;31;1;3.67;0.8;9.7;5
6.9;0.67;0.06;2.1;0.08;8;33;1;3.68;0.71;9.6;5
7.5;0.53;0.06;2.6;0.09;20;44;1;3.38;0.59;10.7;6
11.1;0.18;0.48;1.5;0.07;7;15;1;3.22;0.64;10.1;6
8.3;0.71;0.12;2.6;0.09;12;28;1;3.51;0.72;10;5
7.4;0.67;0.12;1.6;0.19;5;21;1;3.39;0.54;9.5;5
8.4;0.65;0.6;2.1;0.11;12;90;1;3.2;0.52;9.2;5
10.3;0.53;0.48;2.5;0.06;6;25;1;3.12;0.59;9.3;6
7.6;0.62;0.32;2.2;0.08;7;54;1;3.36;0.52;9.4;5
10.3;0.41;0.42;2.4;0.21;6;14;1;3.19;0.62;9.5;6
10.3;0.43;0.44;2.4;0.21;5;12;1;3.19;0.63;9.5;6
7.4;0.29;0.38;1.7;0.06;9;30;1;3.41;0.53;9.5;6
10.3;0.53;0.48;2.5;0.06;6;25;1;3.12;0.59;9.3;6
7.9;0.53;0.24;2;0.07;15;105;1;3.27;0.54;9.4;6
9;0.46;0.31;2.8;0.09;19;98;1;3.32;0.63;9.5;6
8.6;0.47;0.3;3;0.08;30;135;1;3.3;0.53;9.4;5
7.4;0.36;0.29;2.6;0.09;26;72;1;3.39;0.68;11;5
7.1;0.35;0.29;2.5;0.1;20;53;1;3.42;0.65;11;6
9.6;0.56;0.23;3.4;0.1;37;92;1;3.3;0.65;10.1;5
9.6;0.77;0.12;2.9;0.08;30;74;1;3.3;0.64;10.4;6
9.8;0.66;0.39;3.2;0.08;21;59;1;3.37;0.71;11.5;7
9.6;0.77;0.12;2.9;0.08;30;74;1;3.3;0.64;10.4;6
9.8;0.66;0.39;3.2;0.08;21;59;1;3.37;0.71;11.5;7
9.3;0.61;0.26;3.4;0.09;25;87;1;3.24;0.62;9.7;5
7.8;0.62;0.05;2.3;0.08;6;18;1;3.29;0.63;9.3;5
10.3;0.59;0.42;2.8;0.09;35;73;1;3.28;0.7;9.5;6
10;0.49;0.2;11;0.07;13;50;1;3.16;0.69;9.2;6
10;0.49;0.2;11;0.07;13;50;1;3.16;0.69;9.2;6
11.6;0.53;0.66;3.65;0.12;6;14;1;3.05;0.74;11.5;7
10.3;0.44;0.5;4.5;0.11;5;13;1;3.28;0.83;11.5;5
13.4;0.27;0.62;2.6;0.08;6;21;1;3.16;0.67;9.7;6
10.7;0.46;0.39;2;0.06;7;15;1;3.18;0.62;9.5;5
10.2;0.36;0.64;2.9;0.12;10;41;1;3.23;0.66;12.5;6
10.2;0.36;0.64;2.9;0.12;10;41;1;3.23;0.66;12.5;6
8;0.58;0.28;3.2;0.07;21;114;1;3.22;0.54;9.4;6
8.4;0.56;0.08;2.1;0.11;16;44;1;3.13;0.52;11;5
7.9;0.65;0.01;2.5;0.08;17;38;1;3.34;0.74;11.7;7
11.9;0.7;0.53;3.4;0.13;7;21;1;3.17;0.84;12.2;7
8.9;0.43;0.45;1.9;0.05;6;16;0.99;3.35;0.7;12.5;6
7.8;0.43;0.32;2.8;0.08;29;58;1;3.31;0.64;10.3;5
12.4;0.49;0.58;3;0.1;28;99;1;3.16;1;11.5;6
12.5;0.28;0.54;2.3;0.08;12;29;1;3.11;1.36;9.8;7
12.2;0.34;0.5;2.4;0.07;10;21;1;3.12;1.18;9.2;6
10.6;0.42;0.48;2.7;0.07;5;18;1;3.21;0.87;11.3;6
10.9;0.39;0.47;1.8;0.12;6;14;1;3.3;0.75;9.8;6
10.9;0.39;0.47;1.8;0.12;6;14;1;3.3;0.75;9.8;6
11.9;0.57;0.5;2.6;0.08;6;32;1;3.12;0.78;10.7;6
7;0.69;0;1.9;0.07;40;63;1;3.6;0.81;9.9;5
6.6;0.82;0.02;2.7;0.07;17;34;1;3.58;0.89;12.3;7
13.8;0.49;0.67;3;0.09;6;15;1;3.02;0.93;12;6
9.6;0.56;0.31;2.8;0.09;15;46;1;3.11;0.92;10;6
9.1;0.79;0;2.6;0.09;11;28;1;3.36;0.86;9.4;6
10.7;0.67;0.22;2.7;0.11;17;34;1;3.28;0.98;9.9;6
9.1;0.8;0;2.6;0.1;11;26;1;3.35;0.83;9.4;6
7.7;0.67;0;2.4;0.09;8;19;1;3.27;0.73;9.3;5
13.5;0.53;0.79;4.8;0.12;23;77;1;3.18;0.77;13;5
6.1;0.21;0.4;1.4;0.07;40.5;165;0.99;3.25;0.59;11.9;6
6.7;0.75;0.01;2.4;0.08;17;32;1;3.55;0.61;12.8;6
11.5;0.41;0.52;3;0.08;29;55;1;3.26;0.88;11;5
10.5;0.42;0.66;2.95;0.12;12;29;1;3.24;0.75;11.7;7
11.9;0.43;0.66;3.1;0.11;10;23;1;3.15;0.85;10.4;7
12.6;0.38;0.66;2.6;0.09;10;41;1;3.17;0.68;9.8;6
8.2;0.7;0.23;2;0.1;14;81;1;3.19;0.7;9.4;5
8.6;0.45;0.31;2.6;0.09;21;50;1;3.37;0.91;9.9;6
11.9;0.58;0.66;2.5;0.07;6;37;1;3.05;0.56;10;5
12.5;0.46;0.63;2;0.07;6;15;1;2.99;0.87;10.2;5
12.8;0.62;0.66;5.8;0.08;7;42;1;3.07;0.73;10;7
10;0.42;0.5;3.4;0.11;7;21;1;3.26;0.93;11.8;6
12.8;0.62;0.66;5.8;0.08;7;42;1;3.07;0.73;10;7
10.4;0.58;0.61;2.6;0.08;11;24;1;3.16;0.69;9;5
10.3;0.34;0.52;2.8;0.16;15;75;1;3.18;0.64;9.4;5
9.4;0.27;0.53;2.4;0.07;6;18;1;3.2;1.13;12;7
6.9;0.77;0.02;2.3;0.06;35;63;1;3.57;0.78;9.9;5
7.9;0.24;0.4;1.6;0.06;11;25;1;3.32;0.87;8.7;6
9.1;0.28;0.48;1.8;0.07;26;46;1;3.32;1.04;10.6;6
7.4;0.55;0.22;2.2;0.11;12;72;1;3.05;0.63;9.2;5
14;0.41;0.63;3.8;0.09;6;47;1;3.01;0.81;10.8;6
11.5;0.54;0.71;4.4;0.12;6;15;1;3.01;0.83;11.8;7
11.5;0.45;0.5;3;0.08;19;47;1;3.26;1.11;11;6
9.4;0.27;0.53;2.4;0.07;6;18;1;3.2;1.13;12;7
11.4;0.63;0.66;6.2;0.09;6;24;1;3.11;0.99;13.3;6
8.3;0.42;0.38;2.5;0.09;24;60;1;3.31;0.7;10.8;6
8.3;0.26;0.42;2;0.08;11;27;1;3.21;0.8;9.4;6
13.7;0.42;0.68;2.9;0.09;17;43;1;3.06;0.8;10;6
8.3;0.26;0.42;2;0.08;11;27;1;3.21;0.8;9.4;6
8.3;0.26;0.42;2;0.08;11;27;1;3.21;0.8;9.4;6
7.7;0.51;0.28;2.1;0.09;23;54;1;3.42;0.74;9.2;5
7.4;0.63;0.07;2.4;0.09;11;37;1;3.43;0.76;9.7;6
7.8;0.54;0.26;2;0.09;23;48;1;3.41;0.74;9.2;6
8.3;0.66;0.15;1.9;0.08;17;42;1;3.31;0.54;9.6;6
7.8;0.46;0.26;1.9;0.09;23;53;1;3.43;0.74;9.2;6
9.6;0.38;0.31;2.5;0.1;16;49;1;3.19;0.7;10;7
5.6;0.85;0.05;1.4;0.05;12;88;0.99;3.56;0.82;12.9;8
13.7;0.42;0.68;2.9;0.09;17;43;1;3.06;0.8;10;6
9.5;0.37;0.52;2;0.08;6;26;1;3.18;0.51;9.5;5
8.4;0.67;0.61;2;0.11;13;95;1;3.16;0.54;9.1;5
12.7;0.6;0.65;2.3;0.06;6;25;1;3.03;0.57;9.9;5
12;0.37;0.76;4.2;0.07;7;38;1;3.22;0.6;13;7
6.6;0.74;0.02;7.9;0.12;68;124;1;3.47;0.53;9.9;5
11.5;0.59;0.59;2.6;0.09;13;49;1;3.18;0.65;11;6
11.5;0.59;0.59;2.6;0.09;13;49;1;3.18;0.65;11;6
8.7;0.77;0.22;2.3;0.06;9;42;1;3.1;0.55;9.4;5
6.6;0.74;0.02;7.9;0.12;68;124;1;3.47;0.53;9.9;5
7.7;0.26;0.3;1.7;0.06;20;38;0.99;3.29;0.47;10.8;6
12.2;0.48;0.54;2.6;0.09;19;64;1;3.1;0.61;10.5;6
11.4;0.6;0.49;2.7;0.09;10;41;1;3.15;0.63;10.5;6
7.7;0.69;0.05;2.7;0.08;15;27;1;3.26;0.61;9.1;5
8.7;0.31;0.46;1.4;0.06;11;25;1;3.36;0.76;10.1;6
9.8;0.44;0.47;2.5;0.06;9;28;1;3.24;0.65;10.8;6
12;0.39;0.66;3;0.09;12;30;1;3.18;0.63;10.8;7
10.4;0.34;0.58;3.7;0.17;6;16;1;3.19;0.7;11.3;6
12.5;0.46;0.49;4.5;0.07;26;49;1;3.05;0.57;9.6;4
9;0.43;0.34;2.5;0.08;26;86;1;3.38;0.62;9.5;6
9.1;0.45;0.35;2.4;0.08;23;78;1;3.38;0.62;9.5;5
7.1;0.74;0.16;1.9;0.1;15;77;1;3.27;0.64;9.3;5
9.9;0.4;0.53;6.7;0.1;6;19;1;3.27;0.82;11.7;7
8.8;0.52;0.34;2.7;0.09;24;122;1;3.26;0.61;9.5;5
8.6;0.73;0.24;6.6;0.12;31;134;1;3.32;1.07;9.3;5
10.6;0.48;0.64;2.2;0.11;6;20;1;3.26;0.66;11.7;6
7;0.58;0.12;1.9;0.09;34;124;1;3.44;0.48;10.5;5
11.9;0.38;0.51;2;0.12;7;20;1;3.24;0.76;10.4;6
6.8;0.77;0;1.8;0.07;34;52;1;3.62;0.68;9.9;5
9.5;0.56;0.33;2.4;0.09;35;67;1;3.28;0.73;11.8;7
6.6;0.84;0.03;2.3;0.06;32;48;1;3.52;0.56;12.3;7
7.7;0.96;0.2;2;0.05;15;60;1;3.36;0.44;10.9;5
10.5;0.24;0.47;2.1;0.07;6;24;1;3.15;0.9;11;7
7.7;0.96;0.2;2;0.05;15;60;1;3.36;0.44;10.9;5
6.6;0.84;0.03;2.3;0.06;32;48;1;3.52;0.56;12.3;7
6.4;0.67;0.08;2.1;0.05;19;48;0.99;3.49;0.49;11.4;6
9.5;0.78;0.22;1.9;0.08;6;32;1;3.26;0.56;10.6;6
9.1;0.52;0.33;1.3;0.07;9;30;1;3.24;0.6;9.3;5
12.8;0.84;0.63;2.4;0.09;13;35;1;3.1;0.6;10.4;6
10.5;0.24;0.47;2.1;0.07;6;24;1;3.15;0.9;11;7
7.8;0.55;0.35;2.2;0.07;21;66;1;3.25;0.56;9.2;5
11.9;0.37;0.69;2.3;0.08;12;24;1;3;0.65;12.8;6
12.3;0.39;0.63;2.3;0.09;6;18;1;3.16;0.49;9.5;5
10.4;0.41;0.55;3.2;0.08;22;54;1;3.15;0.89;9.9;6
12.3;0.39;0.63;2.3;0.09;6;18;1;3.16;0.49;9.5;5
8;0.67;0.3;2;0.06;38;62;1;3.26;0.56;10.2;6
11.1;0.45;0.73;3.2;0.07;6;22;1;3.17;0.66;11.2;6
10.4;0.41;0.55;3.2;0.08;22;54;1;3.15;0.89;9.9;6
7;0.62;0.18;1.5;0.06;7;50;1;3.08;0.6;9.3;5
12.6;0.31;0.72;2.2;0.07;6;29;1;2.88;0.82;9.8;8
11.9;0.4;0.65;2.15;0.07;7;27;1;3.06;0.68;11.3;6
15.6;0.69;0.76;3.7;0.1;6;43;1;2.95;0.68;11.2;7
10;0.44;0.49;2.7;0.08;11;19;1;3.23;0.63;11.6;7
5.3;0.57;0.01;1.7;0.05;5;27;0.99;3.57;0.84;12.5;7
9.5;0.74;0.1;2.1;0.08;6;31;1;3.23;0.56;10.1;6
12.5;0.38;0.6;2.6;0.08;31;72;1;3.1;0.73;10.5;5
9.3;0.48;0.29;2.1;0.13;6;16;1;3.22;0.72;11.2;5
8.6;0.53;0.22;2;0.1;7;27;1;3.2;0.56;10.2;6
11.9;0.39;0.69;2.8;0.1;17;35;1;3.1;0.61;10.8;6
11.9;0.39;0.69;2.8;0.1;17;35;1;3.1;0.61;10.8;6
8.4;0.37;0.53;1.8;0.41;9;26;1;3.06;1.06;9.1;6
6.8;0.56;0.03;1.7;0.08;18;35;1;3.44;0.63;10;6
10.4;0.33;0.63;2.8;0.08;5;22;1;3.26;0.74;11.2;7
7;0.23;0.4;1.6;0.06;21;67;1;3.5;0.63;11.1;5
11.3;0.62;0.67;5.2;0.09;6;19;1;3.22;0.69;13.4;8
8.9;0.59;0.39;2.3;0.1;5;22;1;3.37;0.58;10.3;5
9.2;0.63;0.21;2.7;0.1;29;65;1;3.28;0.58;9.6;5
10.4;0.33;0.63;2.8;0.08;5;22;1;3.26;0.74;11.2;7
11.6;0.58;0.66;2.2;0.07;10;47;1;3.25;0.57;9;3
9.2;0.43;0.52;2.3;0.08;14;23;1;3.35;0.61;11.3;6
8.3;0.62;0.22;2.6;0.09;6;19;1;3.26;0.61;9.3;5
11;0.26;0.68;2.55;0.09;10;25;1;3.18;0.61;11.8;5
8.1;0.66;0.7;2.2;0.1;25;129;1;3.08;0.53;9;5
11.5;0.32;0.54;2.1;0.08;5;15;1;2.98;0.7;9.2;6
10;0.29;0.4;2.9;0.1;10;26;1;3.48;0.91;9.7;5
10.3;0.5;0.42;2;0.07;21;51;1;3.16;0.72;11.5;6
8.8;0.46;0.45;2.6;0.07;7;18;0.99;3.32;0.79;14;6
11.4;0.36;0.69;2.1;0.09;6;21;1;3.17;0.62;9.2;6
8.7;0.82;0.02;1.2;0.07;36;48;1;3.2;0.58;9.8;5
13;0.32;0.65;2.6;0.09;15;47;1;3.05;0.61;10.6;5
9.6;0.54;0.42;2.4;0.08;25;52;1;3.2;0.71;11.4;6
12.5;0.37;0.55;2.6;0.08;25;68;1;3.15;0.82;10.4;6
9.9;0.35;0.55;2.1;0.06;5;14;1;3.26;0.79;10.6;5
10.5;0.28;0.51;1.7;0.08;10;24;1;3.2;0.89;9.4;6
9.6;0.68;0.24;2.2;0.09;5;28;1;3.14;0.6;10.2;5
9.3;0.27;0.41;2;0.09;6;16;1;3.28;0.7;9.7;5
10.4;0.24;0.49;1.8;0.08;6;20;1;3.18;1.06;11;6
9.6;0.68;0.24;2.2;0.09;5;28;1;3.14;0.6;10.2;5
9.4;0.69;0.11;2.7;0.08;6;31;1;3.19;0.7;10.1;6
10.6;0.28;0.39;15.5;0.07;6;23;1;3.12;0.66;9.2;5
9.4;0.3;0.56;2.8;0.08;6;17;1;3.15;0.92;11.7;8
10.6;0.36;0.59;2.2;0.15;6;18;1;3.04;1.05;9.4;5
10.6;0.36;0.6;2.2;0.15;7;18;1;3.04;1.06;9.4;5
10.6;0.44;0.68;4.1;0.11;6;24;1;3.06;0.66;13.4;6
10.2;0.67;0.39;1.9;0.05;6;17;1;3.17;0.47;10;5
10.2;0.67;0.39;1.9;0.05;6;17;1;3.17;0.47;10;5
10.2;0.65;0.36;1.8;0.05;5;14;1;3.17;0.42;10;6
11.6;0.32;0.55;2.8;0.08;35;67;1;3.32;0.92;10.8;7
9.3;0.39;0.4;2.6;0.07;10;26;1;3.34;0.75;10.2;6
9.3;0.78;0.27;2.8;0.08;24;56;1;3.31;0.67;10.6;6
9.2;0.41;0.5;2.5;0.06;12;25;1;3.34;0.79;13.3;7
8.9;0.4;0.51;2.6;0.05;13;27;1;3.32;0.9;13.4;7
8.7;0.69;0.31;3;0.09;23;81;1;3.48;0.74;11.6;6
6.5;0.39;0.23;8.3;0.05;28;91;1;3.44;0.55;12.1;6
10.7;0.35;0.53;2.6;0.07;5;16;1;3.15;0.65;11;8
7.8;0.52;0.25;1.9;0.08;14;38;1;3.43;0.65;9;6
7.2;0.34;0.32;2.5;0.09;43;113;1;3.32;0.79;11.1;5
10.7;0.35;0.53;2.6;0.07;5;16;1;3.15;0.65;11;8
8.7;0.69;0.31;3;0.09;23;81;1;3.48;0.74;11.6;6
7.8;0.52;0.25;1.9;0.08;14;38;1;3.43;0.65;9;6
10.4;0.44;0.73;6.55;0.07;38;76;1;3.17;0.85;12;7
10.4;0.44;0.73;6.55;0.07;38;76;1;3.17;0.85;12;7
10.5;0.26;0.47;1.9;0.08;6;24;1;3.18;1.04;10.9;7
10.5;0.24;0.42;1.8;0.08;6;22;1;3.21;1.05;10.8;7
10.2;0.49;0.63;2.9;0.07;10;26;1;3.16;0.78;12.5;7
10.4;0.24;0.46;1.8;0.08;6;21;1;3.25;1.02;10.8;7
11.2;0.67;0.55;2.3;0.08;6;13;1;3.17;0.71;9.5;6
10;0.59;0.31;2.2;0.09;26;62;1;3.18;0.63;10.2;6
13.3;0.29;0.75;2.8;0.08;23;43;1;3.04;0.68;11.4;7
12.4;0.42;0.49;4.6;0.07;19;43;1;3.02;0.61;9.5;5
10;0.59;0.31;2.2;0.09;26;62;1;3.18;0.63;10.2;6
10.7;0.4;0.48;2.1;0.13;15;49;1;3.03;0.81;9.7;6
10.5;0.51;0.64;2.4;0.11;6;15;1;3.09;0.66;11.8;7
10.5;0.51;0.64;2.4;0.11;6;15;1;3.09;0.66;11.8;7
8.5;0.66;0.49;6.1;0.12;34;151;1;3.31;1.14;9.3;5
12.5;0.6;0.49;4.3;0.1;5;14;1;3.25;0.74;11.9;6
10.4;0.61;0.49;2.1;0.2;5;16;1;3.16;0.63;8.4;3
10.9;0.21;0.49;2.8;0.09;11;32;1;3.22;0.68;11.7;6
7.3;0.37;0.49;2.5;0.09;39;106;1;3.36;0.78;11;5
9.8;0.25;0.49;2.7;0.09;15;33;1;3.42;0.9;10;6
7.6;0.41;0.49;2;0.09;16;43;1;3.48;0.64;9.1;5
8.2;0.39;0.49;2.3;0.1;47;133;1;3.38;0.99;9.8;5
9.3;0.4;0.49;2.5;0.09;38;142;1;3.22;0.55;9.4;5
9.2;0.43;0.49;2.4;0.09;23;116;1;3.23;0.64;9.5;5
10.4;0.64;0.24;2.8;0.11;29;53;1;3.24;0.67;9.9;5
7.3;0.37;0.49;2.5;0.09;39;106;1;3.36;0.78;11;5
7;0.38;0.49;2.5;0.1;33;85;1;3.39;0.77;11.4;6
8.2;0.42;0.49;2.6;0.08;32;55;1;3.34;0.75;8.7;6
9.9;0.63;0.24;2.4;0.08;6;33;1;3.09;0.57;9.4;5
9.1;0.22;0.24;2.1;0.08;1;28;1;3.41;0.87;10.3;6
11.9;0.38;0.49;2.7;0.1;12;42;1;3.16;0.61;10.3;5
11.9;0.38;0.49;2.7;0.1;12;42;1;3.16;0.61;10.3;5
10.3;0.27;0.24;2.1;0.07;15;33;1;3.22;0.66;12.8;6
10;0.48;0.24;2.7;0.1;13;32;1;3.28;0.56;10;6
9.1;0.22;0.24;2.1;0.08;1;28;1;3.41;0.87;10.3;6
9.9;0.63;0.24;2.4;0.08;6;33;1;3.09;0.57;9.4;5
8.1;0.83;0.24;2.1;0.08;5;13;1;3.37;0.77;10.7;6
12.9;0.35;0.49;5.8;0.07;5;35;1;3.2;0.66;12;7
11.2;0.5;0.74;5.15;0.1;5;17;1;3.22;0.62;11.2;5
9.2;0.59;0.24;3.3;0.1;20;47;1;3.26;0.67;9.6;5
9.5;0.46;0.49;6.3;0.06;5;17;1;3.21;0.73;11;6
9.3;0.72;0.24;2.1;0.07;5;20;1;3.12;0.59;9.9;5
11.2;0.66;0.24;2.5;0.09;16;53;1;3.06;0.72;11;6
14.3;0.31;0.74;1.8;0.08;6;15;1;2.86;0.79;8.4;6
9.1;0.47;0.49;2.6;0.09;38;106;1;3.08;0.59;9.1;5
7.5;0.55;0.24;2;0.08;10;28;1;3.45;0.78;9.5;6
10.6;0.31;0.49;2.5;0.07;6;21;1;3.26;0.86;10.7;6
12.4;0.35;0.49;2.6;0.08;27;69;1;3.12;0.75;10.4;6
9;0.53;0.49;1.9;0.17;6;25;1;3.27;0.61;9.4;6
6.8;0.51;0.01;2.1;0.07;9;25;1;3.33;0.56;9.5;6
9.4;0.43;0.24;2.8;0.09;14;45;1;3.19;0.73;10;6
9.5;0.46;0.24;2.7;0.09;14;44;1;3.12;0.74;10;6
5;1.04;0.24;1.6;0.05;32;96;0.99;3.74;0.62;11.5;5
15.5;0.65;0.49;4.2;0.1;10;23;1;2.92;0.74;11.1;5
15.5;0.65;0.49;4.2;0.1;10;23;1;2.92;0.74;11.1;5
10.9;0.53;0.49;4.6;0.12;10;17;1;3.07;0.56;11.7;6
15.6;0.65;0.49;4.2;0.1;10;23;1;2.92;0.74;11.1;5
10.9;0.53;0.49;4.6;0.12;10;17;1;3.07;0.56;11.7;6
13;0.47;0.49;4.3;0.09;6;47;1;3.3;0.68;12.7;6
12.7;0.6;0.49;2.8;0.08;5;19;1;3.14;0.57;11.4;5
9;0.44;0.49;2.4;0.08;26;121;1;3.23;0.58;9.2;5
9;0.54;0.49;2.9;0.09;41;110;1;3.08;0.61;9.2;5
7.6;0.29;0.49;2.7;0.09;25;60;1;3.31;0.61;10.1;6
13;0.47;0.49;4.3;0.09;6;47;1;3.3;0.68;12.7;6
12.7;0.6;0.49;2.8;0.08;5;19;1;3.14;0.57;11.4;5
8.7;0.7;0.24;2.5;0.23;5;15;1;3.32;0.6;9;6
8.7;0.7;0.24;2.5;0.23;5;15;1;3.32;0.6;9;6
9.8;0.5;0.49;2.6;0.25;5;20;1;3.31;0.79;10.7;6
6.2;0.36;0.24;2.2;0.1;19;42;0.99;3.57;0.57;11.7;6
11.5;0.35;0.49;3.3;0.07;10;37;1;3.32;0.91;11;6
6.2;0.36;0.24;2.2;0.1;19;42;0.99;3.57;0.57;11.7;6
10.2;0.24;0.49;2.4;0.08;10;28;1;3.14;0.61;10.4;5
10.5;0.59;0.49;2.1;0.07;14;47;1;3.3;0.56;9.6;4
10.6;0.34;0.49;3.2;0.08;20;78;1;3.19;0.7;10;6
12.3;0.27;0.49;3.1;0.08;28;46;1;3.2;0.8;10.2;6
9.9;0.5;0.24;2.3;0.1;6;14;1;3.34;0.52;10;4
8.8;0.44;0.49;2.8;0.08;18;111;1;3.3;0.6;9.5;5
8.8;0.47;0.49;2.9;0.09;17;110;1;3.29;0.6;9.8;5
10.6;0.31;0.49;2.2;0.06;18;40;1;3.14;0.51;9.8;6
12.3;0.5;0.49;2.2;0.09;5;14;1;3.19;0.44;9.6;5
12.3;0.5;0.49;2.2;0.09;5;14;1;3.19;0.44;9.6;5
11.7;0.49;0.49;2.2;0.08;5;15;1;3.19;0.43;9.2;5
12;0.28;0.49;1.9;0.07;10;21;1;2.98;0.66;9.9;7
11.8;0.33;0.49;3.4;0.09;54;80;1;3.3;0.76;10.7;7
7.6;0.51;0.24;2.4;0.09;8;38;1;3.47;0.66;9.6;6
11.1;0.31;0.49;2.7;0.09;16;47;1;3.12;1.02;10.6;7
7.3;0.73;0.24;1.9;0.11;18;102;1;3.26;0.59;9.3;5
5;0.42;0.24;2;0.06;19;50;0.99;3.72;0.74;14;8
10.2;0.29;0.49;2.6;0.06;5;13;1;3.05;0.74;10.5;7
9;0.45;0.49;2.6;0.08;21;75;1;3.35;0.57;9.7;5
6.6;0.39;0.49;1.7;0.07;23;149;0.99;3.12;0.5;11.5;6
9;0.45;0.49;2.6;0.08;21;75;1;3.35;0.57;9.7;5
9.9;0.49;0.58;3.5;0.09;9;43;1;3.29;0.58;9;5
7.9;0.72;0.17;2.6;0.1;20;38;1;3.4;0.53;9.5;5
8.9;0.6;0.41;7.9;0.09;30;109;1;3.27;0.57;9.3;5
12.4;0.4;0.51;2;0.06;6;24;1;3.04;0.6;9.3;6
11.9;0.58;0.58;1.9;0.07;5;18;1;3.09;0.63;10;6
8.5;0.59;0.18;2.1;0.08;5;30;1;3.2;0.48;9.8;6
12.7;0.59;0.45;2.3;0.08;11;22;1;3;0.7;9.3;6
8.2;0.92;0.27;2.1;0.09;7;23;1;3.26;0.47;10;4
13.2;0.46;0.52;2.2;0.07;12;35;1;3.1;0.56;9;6
7.7;0.84;0;2.6;0.08;6;14;1;3.3;0.52;9.3;5
13.2;0.46;0.52;2.2;0.07;12;35;1;3.1;0.56;9;6
8.3;0.58;0.13;2.9;0.1;14;63;1;3.17;0.62;9.1;6
8.3;0.6;0.13;2.6;0.09;6;24;1;3.31;0.59;9.2;6
9.4;0.41;0.48;4.6;0.07;10;20;1;3.34;0.79;12.2;7
8.8;0.48;0.41;3.3;0.09;26;52;1;3.31;0.53;10.5;6
10.1;0.65;0.37;5.1;0.11;11;65;1;3.32;0.64;10.4;6
6.3;0.36;0.19;3.2;0.08;15;39;1;3.56;0.52;12.7;6
8.8;0.24;0.54;2.5;0.08;25;57;1;3.39;0.54;9.2;5
13.2;0.38;0.55;2.7;0.08;5;16;1;2.98;0.54;9.4;5
7.5;0.64;0;2.4;0.08;18;29;1;3.32;0.6;10;6
8.2;0.39;0.38;1.5;0.06;10;29;1;3.26;0.74;9.8;5
9.2;0.76;0.18;2.2;0.15;10;103;1;2.87;1.36;10.2;6
9.6;0.6;0.5;2.3;0.08;28;71;1;3.5;0.57;9.7;5
9.6;0.6;0.5;2.3;0.08;28;71;1;3.5;0.57;9.7;5
11.5;0.31;0.51;2.2;0.08;14;28;1;3.03;0.93;9.8;6
11.4;0.46;0.5;2.7;0.12;4;17;1;3.13;0.7;10.2;5
11.3;0.37;0.41;2.3;0.09;6;16;1;3.09;0.8;9.3;5
8.3;0.54;0.24;3.4;0.08;16;112;1;3.27;0.61;9.4;5
8.2;0.56;0.23;3.4;0.08;14;104;1;3.28;0.62;9.4;5
10;0.58;0.22;1.9;0.08;9;32;1;3.13;0.55;9.5;5
7.9;0.51;0.25;2.9;0.08;21;45;1;3.49;0.96;12.1;6
6.8;0.69;0;5.6;0.12;21;58;1;3.46;0.72;10.2;5
6.8;0.69;0;5.6;0.12;21;58;1;3.46;0.72;10.2;5
8.8;0.6;0.29;2.2;0.1;5;15;1;3.36;0.49;9.1;5
8.8;0.6;0.29;2.2;0.1;5;15;1;3.36;0.49;9.1;5
8.7;0.54;0.26;2.5;0.1;7;31;1;3.27;0.6;9.3;6
7.6;0.69;0.23;2.3;0.11;20;84;1;3.21;0.61;9.3;5
8.7;0.54;0.26;2.5;0.1;7;31;1;3.27;0.6;9.3;6
10.4;0.28;0.54;2.7;0.11;5;19;1;3.25;0.63;9.5;5
7.6;0.41;0.14;3;0.09;21;43;1;3.32;0.57;10.5;6
10.1;0.94;0.22;3.4;0.11;11;86;1;3.43;0.64;11.3;4
7.9;0.35;0.21;1.9;0.07;46;102;1;3.27;0.58;9.5;5
8.7;0.84;0;1.4;0.07;24;33;1;3.27;0.55;9.7;5
9.6;0.88;0.28;2.4;0.09;30;147;1;3.24;0.53;9.4;5
9.5;0.89;0.27;2.3;0.08;31;145;1;3.24;0.53;9.4;5
7.7;0.92;0.12;2.2;0.14;7;23;1;3.35;0.65;10.2;7
8.9;0.29;0.35;1.9;0.07;25;57;1;3.18;1.36;10.3;6
9.9;0.54;0.45;2.3;0.07;16;40;1;3.39;0.62;9.4;5
9.5;0.59;0.44;2.3;0.07;21;68;1;3.46;0.63;9.5;5
9.9;0.54;0.45;2.3;0.07;16;40;1;3.39;0.62;9.4;5
9.5;0.59;0.44;2.3;0.07;21;68;1;3.46;0.63;9.5;5
9.9;0.54;0.45;2.3;0.07;16;40;1;3.39;0.62;9.4;5
7.8;0.64;0.1;6;0.12;5;11;1;3.37;0.69;10.1;7
7.3;0.67;0.05;3.6;0.11;6;20;1;3.4;0.63;10.1;5
8.3;0.85;0.01;2.2;0.07;5;14;1;3.32;0.58;11;4
8.7;0.48;0.3;2.8;0.07;10;28;1;3.33;0.67;11.2;7
6.7;0.42;0.27;8.6;0.07;24;148;0.99;3.16;0.57;11.3;6
10.7;0.43;0.39;2.2;0.11;8;32;1;2.89;0.5;9.6;5
9.8;0.88;0.25;2.5;0.1;35;155;1;3.41;0.67;11.2;5
15.9;0.36;0.65;7.5;0.1;22;71;1;2.98;0.84;14.9;5
9.4;0.33;0.59;2.8;0.08;9;30;1;3.12;0.54;12;6
8.6;0.47;0.47;2.4;0.07;7;29;1;3.08;0.46;9.5;5
9.7;0.55;0.17;2.9;0.09;20;53;1;3.14;0.61;9.4;5
10.7;0.43;0.39;2.2;0.11;8;32;1;2.89;0.5;9.6;5
12;0.5;0.59;1.4;0.07;23;42;1;2.92;0.68;10.5;7
7.2;0.52;0.07;1.4;0.07;5;20;1;3.32;0.81;9.6;6
7.1;0.84;0.02;4.4;0.1;5;13;1;3.41;0.57;11;4
7.2;0.52;0.07;1.4;0.07;5;20;1;3.32;0.81;9.6;6
7.5;0.42;0.31;1.6;0.08;15;42;1;3.31;0.64;9;5
7.2;0.57;0.06;1.6;0.08;9;27;1;3.36;0.7;9.6;6
10.1;0.28;0.46;1.8;0.05;5;13;1;3.04;0.79;10.2;6
12.1;0.4;0.52;2;0.09;15;54;1;3.03;0.66;10.2;5
9.4;0.59;0.14;2;0.08;25;48;1;3.14;0.56;9.7;5
8.3;0.49;0.36;1.8;0.22;6;16;1;3.18;0.6;9.5;6
11.3;0.34;0.45;2;0.08;6;15;1;2.94;0.66;9.2;6
10;0.73;0.43;2.3;0.06;15;31;1;3.15;0.57;11;5
11.3;0.34;0.45;2;0.08;6;15;1;2.94;0.66;9.2;6
6.9;0.4;0.24;2.5;0.08;30;45;1;3.26;0.58;10;5
8.2;0.73;0.21;1.7;0.07;5;13;1;3.2;0.52;9.5;5
9.8;1.24;0.34;2;0.08;32;151;1;3.15;0.53;9.5;5
8.2;0.73;0.21;1.7;0.07;5;13;1;3.2;0.52;9.5;5
10.8;0.4;0.41;2.2;0.08;7;17;1;3.08;0.67;9.3;6
9.3;0.41;0.39;2.2;0.06;12;31;1;3.26;0.65;10.2;5
10.8;0.4;0.41;2.2;0.08;7;17;1;3.08;0.67;9.3;6
8.6;0.8;0.11;2.3;0.08;12;31;1;3.4;0.48;9.9;5
8.3;0.78;0.1;2.6;0.08;45;87;1;3.48;0.53;10;5
10.8;0.26;0.45;3.3;0.06;20;49;1;3.13;0.54;9.6;5
13.3;0.43;0.58;1.9;0.07;15;40;1;3.06;0.49;9;5
8;0.45;0.23;2.2;0.09;16;29;1;3.21;0.49;10.2;6
8.5;0.46;0.31;2.25;0.08;32;58;1;3.33;0.54;9.8;5
8.1;0.78;0.23;2.6;0.06;5;15;1;3.37;0.56;11.3;5
9.8;0.98;0.32;2.3;0.08;35;152;1;3.25;0.48;9.4;5
8.1;0.78;0.23;2.6;0.06;5;15;1;3.37;0.56;11.3;5
7.1;0.65;0.18;1.8;0.07;13;40;1;3.44;0.6;9.1;5
9.1;0.64;0.23;3.1;0.1;13;38;1;3.28;0.59;9.7;5
7.7;0.66;0.04;1.6;0.04;4;9;1;3.4;0.47;9.4;5
8.1;0.38;0.48;1.8;0.16;5;17;1;3.3;1.05;9.4;5
7.4;1.19;0;4.25;0.1;5;14;1;3.63;0.54;10.7;3
9.2;0.92;0.24;2.6;0.09;12;93;1;3.48;0.54;9.8;5
8.6;0.49;0.51;2;0.42;16;62;1;3.03;1.17;9;5
9;0.48;0.32;2.8;0.08;21;122;1;3.32;0.62;9.4;5
9;0.47;0.31;2.7;0.08;24;125;1;3.31;0.61;9.4;5
5.1;0.47;0.02;1.3;0.03;18;44;0.99;3.9;0.62;12.8;6
7;0.65;0.02;2.1;0.07;8;25;1;3.47;0.67;9.5;6
7;0.65;0.02;2.1;0.07;8;25;1;3.47;0.67;9.5;6
9.4;0.62;0.28;3.2;0.09;18;72;1;3.31;0.53;9.7;5
11.8;0.38;0.55;2.1;0.07;5;19;1;3.11;0.62;10.8;6
10.6;1.02;0.43;2.9;0.08;26;88;1;3.08;0.57;10.1;6
7;0.65;0.02;2.1;0.07;8;25;1;3.47;0.67;9.5;6
7;0.64;0.02;2.1;0.07;9;23;1;3.47;0.67;9.4;6
7.5;0.38;0.48;2.6;0.07;22;84;1;3.32;0.7;9.6;4
9.1;0.77;0.04;1.6;0.08;4;14;1;3.29;0.54;9.7;4
8.4;1.04;0.15;6;0.07;11;54;1;3.37;0.49;9.9;5
7;0.78;0.08;2;0.09;10;19;1;3.4;0.47;10;5
7.4;0.49;0.19;3;0.08;16;37;1;3.37;0.51;10.5;5
7.8;0.55;0.12;2.5;0.07;11;35;1;3.34;0.61;11.6;6
9.7;0.31;0.47;1.6;0.06;13;33;1;3.27;0.66;10;6
10.6;1.03;0.43;2.8;0.08;21;84;1;3.06;0.57;10.1;5
8.9;0.57;0.34;3;0.09;16;112;1;3.38;0.61;9.5;5
8.7;0.69;0;3.2;0.08;13;33;1;3.36;0.45;9.4;5
8;0.43;0.36;2.3;0.08;10;48;1;3.34;0.46;9.4;5
9.9;0.74;0.28;2.6;0.08;21;77;1;3.28;0.51;9.8;5
7.2;0.49;0.18;2.7;0.07;13;34;1;3.29;0.48;9.2;6
8;0.43;0.36;2.3;0.08;10;48;1;3.34;0.46;9.4;5
7.6;0.46;0.11;2.6;0.08;12;49;1;3.21;0.57;10;5
8.4;0.56;0.04;2;0.08;10;22;1;3.22;0.44;9.6;5
7.1;0.66;0;3.9;0.09;17;45;1;3.46;0.54;9.5;5
8.4;0.56;0.04;2;0.08;10;22;1;3.22;0.44;9.6;5
8.9;0.48;0.24;2.85;0.09;35;106;1;3.1;0.53;9.2;5
7.6;0.42;0.08;2.7;0.08;15;48;1;3.21;0.59;10;5
7.1;0.31;0.3;2.2;0.05;36;127;1;2.94;1.62;9.5;5
7.5;1.12;0.1;3.1;0.09;5;12;1;3.54;0.6;11.2;4
9;0.66;0.17;3;0.08;5;13;1;3.29;0.55;10.4;5
8.1;0.72;0.09;2.8;0.08;18;49;1;3.43;0.72;11.1;6
6.4;0.57;0.02;1.8;0.07;4;11;1;3.46;0.68;9.5;5
6.4;0.57;0.02;1.8;0.07;4;11;1;3.46;0.68;9.5;5
6.4;0.87;0.03;3.2;0.07;27;58;1;3.61;0.49;12.7;6
9.5;0.55;0.66;2.3;0.39;12;37;1;3.17;0.67;9.6;5
8.9;0.88;0.13;3.45;0.09;4;14;1;3.44;0.52;11.5;5
7.3;0.84;0.03;2.1;0.09;10;19;1;3.39;0.47;9.6;5
7;0.45;0.34;2.7;0.08;16;72;1;3.55;0.6;9.5;5
7.7;0.56;0.2;2;0.08;9;39;1;3.48;0.62;9.3;5
7.7;0.97;0.1;2.1;0.11;11;22;1;3.26;0.5;9.5;5
7.7;0.97;0.1;2.1;0.11;11;22;1;3.26;0.5;9.5;5
8.2;0.59;0;2.5;0.09;19;58;1;3.5;0.65;9.3;6
9;0.46;0.23;2.8;0.09;28;104;1;3.1;0.56;9.2;5
9;0.69;0;2.4;0.09;19;38;1;3.35;0.6;9.3;5
8.3;0.76;0.29;4.2;0.08;12;16;1;3.45;0.68;11.5;6
9.2;0.53;0.24;2.6;0.08;28;139;1;3.21;0.57;9.5;5
6.5;0.62;0;1.9;0.07;9;18;1;3.46;0.65;9.2;5
11.6;0.41;0.58;2.8;0.1;25;101;1;3.13;0.53;10;5
11.1;0.39;0.54;2.7;0.1;21;101;1;3.13;0.51;9.5;5
7.3;0.51;0.18;2.1;0.07;12;28;1;3.52;0.73;9.5;6
8.2;0.34;0.38;2.5;0.08;12;57;1;3.3;0.47;9;6
8.6;0.33;0.4;2.6;0.08;16;68;1;3.3;0.48;9.4;5
7.2;0.5;0.18;2.1;0.07;12;31;1;3.52;0.72;9.6;6
7.3;0.51;0.18;2.1;0.07;12;28;1;3.52;0.73;9.5;6
8.3;0.65;0.1;2.9;0.09;17;40;1;3.29;0.55;9.5;5
8.3;0.65;0.1;2.9;0.09;17;40;1;3.29;0.55;9.5;5
7.6;0.54;0.13;2.5;0.1;24;66;1;3.39;0.61;9.4;5
8.3;0.65;0.1;2.9;0.09;17;40;1;3.29;0.55;9.5;5
7.8;0.48;0.68;1.7;0.42;14;32;1;3.09;1.06;9.1;6
7.8;0.91;0.07;1.9;0.06;22;47;1;3.51;0.43;10.7;6
6.3;0.98;0.01;2;0.06;15;33;0.99;3.6;0.46;11.2;6
8.1;0.87;0;2.2;0.08;10;31;1;3.25;0.5;9.8;5
8.1;0.87;0;2.2;0.08;10;31;1;3.25;0.5;9.8;5
8.8;0.42;0.21;2.5;0.09;33;88;1;3.19;0.52;9.2;5
9;0.58;0.25;2.8;0.08;9;104;1;3.23;0.57;9.7;5
9.3;0.66;0.26;2;0.1;5;35;1;3.25;0.42;9.6;5
8.8;0.7;0;1.7;0.07;8;19;1;3.31;0.53;10;6
9.3;0.66;0.26;2;0.1;5;35;1;3.25;0.42;9.6;5
9.1;0.68;0.11;2.8;0.09;11;44;1;3.31;0.55;9.5;6
9.2;0.67;0.1;3;0.09;12;48;1;3.31;0.54;9.5;6
8.8;0.59;0.18;2.9;0.09;12;74;1;3.14;0.54;9.4;5
7.5;0.6;0.32;2.7;0.1;13;98;1;3.45;0.62;9.5;5
7.1;0.59;0.02;2.3;0.08;24;94;1;3.55;0.53;9.7;6
7.9;0.72;0.01;1.9;0.08;7;32;1;3.39;0.54;9.6;5
7.1;0.59;0.02;2.3;0.08;24;94;1;3.55;0.53;9.7;6
9.4;0.69;0.26;2.4;0.08;23;143;1;3.28;0.55;9.4;5
9.5;0.57;0.27;2.3;0.08;23;144;1;3.27;0.55;9.4;5
7.9;0.4;0.29;1.8;0.16;1;44;1;3.3;0.92;9.5;6
7.9;0.4;0.3;1.8;0.16;2;45;1;3.31;0.91;9.5;6
7.2;1;0;3;0.1;7;16;1;3.43;0.46;10;5
6.9;0.77;0.18;2.4;0.24;5.5;48;1;3.4;0.6;10.3;6
6.9;0.64;0.17;2.4;0.24;6;18;1;3.4;0.59;10.3;6
8.3;0.43;0.3;3.4;0.08;7;34;1;3.36;0.61;10.5;5
7.1;0.52;0.03;2.6;0.08;21;92;1;3.5;0.6;9.8;5
7;0.57;0;2;0.19;12;45;1;3.31;0.6;9.4;6
6.5;0.46;0.14;2.4;0.11;9;37;1;3.66;0.65;9.8;5
9;0.82;0.05;2.4;0.08;26;96;1;3.36;0.53;10;5
6.5;0.46;0.14;2.4;0.11;9;37;1;3.66;0.65;9.8;5
7.1;0.59;0.01;2.5;0.08;20;85;1;3.55;0.59;9.8;5
9.9;0.35;0.41;2.3;0.08;11;61;1;3.21;0.5;9.5;5
9.9;0.35;0.41;2.3;0.08;11;61;1;3.21;0.5;9.5;5
10;0.56;0.24;2.2;0.08;19;58;1;3.18;0.56;10.1;6
10;0.56;0.24;2.2;0.08;19;58;1;3.18;0.56;10.1;6
8.6;0.63;0.17;2.9;0.1;21;119;1;3.09;0.52;9.3;5
7.4;0.37;0.43;2.6;0.08;18;82;1;3.33;0.68;9.7;6
8.8;0.64;0.17;2.9;0.08;25;130;1;3.23;0.54;9.6;5
7.1;0.61;0.02;2.5;0.08;17;87;1;3.48;0.6;9.7;6
7.7;0.6;0;2.6;0.06;7;13;1;3.38;0.56;10.8;5
10.1;0.27;0.54;2.3;0.07;7;26;1;3.17;0.53;12.5;6
10.8;0.89;0.3;2.6;0.13;7;60;1;2.99;1.18;10.2;5
8.7;0.46;0.31;2.5;0.13;24;64;1;3.1;0.74;9.6;5
9.3;0.37;0.44;1.6;0.04;21;42;1;3.24;0.81;10.8;7
9.4;0.5;0.34;3.6;0.08;5;14;1;3.29;0.52;10.7;6
9.4;0.5;0.34;3.6;0.08;5;14;1;3.29;0.52;10.7;6
7.2;0.61;0.08;4;0.08;26;108;1;3.25;0.51;9.4;5
8.6;0.55;0.09;3.3;0.07;8;17;1;3.23;0.44;10;5
5.1;0.59;0;1.7;0.04;14;86;0.99;3.56;0.94;12.9;7
7.7;0.56;0.08;2.5;0.11;14;46;1;3.24;0.66;9.6;6
8.4;0.52;0.22;2.7;0.08;4;18;1;3.26;0.57;9.9;6
8.2;0.28;0.4;2.4;0.05;4;10;0.99;3.33;0.7;12.8;7
8.4;0.25;0.39;2;0.04;4;10;0.99;3.27;0.71;12.5;7
8.2;0.28;0.4;2.4;0.05;4;10;0.99;3.33;0.7;12.8;7
7.4;0.53;0.12;1.9;0.17;4;12;1;3.26;0.86;9.2;5
7.6;0.48;0.31;2.8;0.07;4;15;1;3.22;0.55;10.3;6
7.3;0.49;0.1;2.6;0.07;4;14;1;3.3;0.47;10.5;5
12.9;0.5;0.55;2.8;0.07;7;24;1;3.09;0.68;10.9;6
10.8;0.45;0.33;2.5;0.1;20;38;1;3.24;0.71;10.8;5
6.9;0.39;0.24;2.1;0.1;4;7;0.99;3.44;0.58;11.4;4
12.6;0.41;0.54;2.8;0.1;19;41;1;3.21;0.76;11.3;6
10.8;0.45;0.33;2.5;0.1;20;38;1;3.24;0.71;10.8;5
9.8;0.51;0.19;3.2;0.08;8;30;1;3.23;0.58;10.5;6
10.8;0.29;0.42;1.6;0.08;19;27;1;3.28;0.73;11.9;6
7.1;0.72;0;2.35;0.07;21;47;1;3.29;0.45;9.4;5
9.1;0.66;0.15;3.2;0.1;9;59;1;3.28;0.54;9.6;5
7;0.69;0;1.9;0.1;9;22;1;3.34;0.6;9.7;5
4.9;0.42;0;2.1;0.05;16;42;0.99;3.71;0.74;14;7
6.7;0.54;0.13;2;0.08;15;36;1;3.61;0.64;9.8;5
6.7;0.54;0.13;2;0.08;15;36;1;3.61;0.64;9.8;5
7.1;0.48;0.28;2.8;0.07;6;16;1;3.24;0.53;10.3;5
7.1;0.46;0.14;2.8;0.08;15;37;1;3.36;0.49;10.7;5
7.5;0.27;0.34;2.3;0.05;4;8;1;3.4;0.64;11;7
7.1;0.46;0.14;2.8;0.08;15;37;1;3.36;0.49;10.7;5
7.8;0.57;0.09;2.3;0.07;34;45;0.99;3.46;0.74;12.7;8
5.9;0.61;0.08;2.1;0.07;16;24;0.99;3.56;0.77;11.1;6
7.5;0.69;0.07;2.5;0.06;5;9;1;3.38;0.55;10.9;4
5.9;0.61;0.08;2.1;0.07;16;24;0.99;3.56;0.77;11.1;6
10.4;0.44;0.42;1.5;0.15;34;48;1;3.38;0.86;9.9;3
11.6;0.47;0.44;1.6;0.15;36;51;1;3.38;0.86;9.9;4
8.8;0.69;0.26;1.6;0.09;16;23;1;3.32;0.47;9.4;5
7.6;0.67;0.1;1.5;0.07;27;55;1;3.39;0.51;9.3;5
6.7;0.28;0.28;2.4;0.01;36;100;0.99;3.26;0.39;11.7;7
6.7;0.28;0.28;2.4;0.01;36;100;0.99;3.26;0.39;11.7;7
10.1;0.31;0.35;1.6;0.08;9;28;1;3.24;0.83;11.2;7
6;0.5;0.04;2.2;0.09;13;26;1;3.46;0.47;10;5
11.1;0.42;0.47;2.65;0.09;9;34;1;3.24;0.77;12.1;7
6.6;0.66;0;3;0.12;21;31;1;3.45;0.63;10.3;5
10.6;0.5;0.45;2.6;0.12;34;68;1;3.23;0.72;10.9;6
7.1;0.69;0.35;2;0.09;9;92;1;3.28;0.62;9.4;5
9.9;0.25;0.46;1.7;0.06;26;42;1;3.18;0.83;10.6;6
6.4;0.64;0.21;1.8;0.08;14;31;1;3.59;0.66;9.8;5
6.4;0.64;0.21;1.8;0.08;14;31;1;3.59;0.66;9.8;5
7.4;0.68;0.16;1.8;0.08;12;39;1;3.5;0.7;9.9;6
6.4;0.64;0.21;1.8;0.08;14;31;1;3.59;0.66;9.8;5
6.4;0.63;0.21;1.6;0.08;12;32;1;3.58;0.66;9.8;5
9.3;0.43;0.44;1.9;0.09;9;22;1;3.28;0.55;9.5;5
9.3;0.43;0.44;1.9;0.09;9;22;1;3.28;0.55;9.5;5
8;0.42;0.32;2.5;0.08;26;122;1;3.22;1.07;9.7;5
9.3;0.36;0.39;1.5;0.08;41;55;1;3.47;0.73;10.9;6
9.3;0.36;0.39;1.5;0.08;41;55;1;3.47;0.73;10.9;6
7.6;0.74;0.02;2.5;0.07;10;14;1;3.51;0.71;11.7;7
9.3;0.36;0.39;1.5;0.08;41;55;1;3.47;0.73;10.9;6
8.2;0.26;0.34;2.5;0.07;16;47;1;3.4;0.78;11.3;7
11.7;0.28;0.47;1.7;0.05;17;32;1;3.15;0.67;10.6;7
6.8;0.56;0.22;1.8;0.07;15;24;0.99;3.4;0.82;11.2;6
7.2;0.62;0.06;2.7;0.08;15;85;1;3.51;0.54;9.5;5
5.8;1.01;0.66;2;0.04;15;88;0.99;3.66;0.6;11.5;6
7.5;0.42;0.32;2.7;0.07;7;25;1;3.24;0.44;10.4;5
7.2;0.62;0.06;2.5;0.08;17;84;1;3.51;0.53;9.7;5
7.2;0.62;0.06;2.7;0.08;15;85;1;3.51;0.54;9.5;5
7.2;0.64;0.07;2.6;0.08;16;86;1;3.51;0.54;9.7;5
6.8;0.49;0.22;2.3;0.07;13;24;0.99;3.41;0.83;11.3;6
6.9;0.51;0.23;2;0.07;13;22;0.99;3.4;0.84;11.2;6
6.8;0.56;0.22;1.8;0.07;15;24;0.99;3.4;0.82;11.2;6
7.6;0.63;0.03;2;0.08;27;43;1;3.44;0.64;10.9;6
7.7;0.72;0.01;2.1;0.06;31;43;0.99;3.41;0.57;11.8;6
6.9;0.56;0.03;1.5;0.09;36;46;1;3.53;0.57;10.6;5
7.3;0.35;0.24;2;0.07;28;48;1;3.43;0.54;10;4
9.1;0.21;0.37;1.6;0.07;6;10;1;3.23;0.58;11.1;7
10.4;0.38;0.46;2.1;0.1;6;10;1;3.12;0.65;11.8;7
8.8;0.31;0.4;2.8;0.11;7;16;1;3.31;0.79;11.8;7
7.1;0.47;0;2.2;0.07;7;14;1;3.4;0.58;10.9;4
7.7;0.72;0.01;2.1;0.06;31;43;0.99;3.41;0.57;11.8;6
8.8;0.61;0.19;4;0.09;30;69;1;3.22;0.5;10;6
7.2;0.6;0.04;2.5;0.08;18;88;1;3.53;0.55;9.5;5
9.2;0.56;0.18;1.6;0.08;10;21;1;3.15;0.49;9.9;5
7.6;0.72;0;2.1;0.07;30;35;1;3.48;0.65;11.4;6
8.4;0.31;0.29;3.1;0.19;14;26;1;3.22;0.78;12;6
7.2;0.6;0.04;2.5;0.08;18;88;1;3.53;0.55;9.5;5
8.8;0.61;0.19;4;0.09;30;69;1;3.22;0.5;10;6
8.9;0.75;0.14;2.5;0.09;9;30;1;3.34;0.64;10.5;5
9;0.8;0.12;2.4;0.08;8;28;1;3.33;0.65;10.4;6
10.7;0.52;0.38;2.6;0.07;29;56;1;3.15;0.79;12.1;7
6.8;0.57;0;2.5;0.07;32;64;0.99;3.43;0.56;11.2;6
10.7;0.9;0.34;6.6;0.11;23;99;1;3.22;0.68;9.3;5
7.2;0.34;0.24;2;0.07;30;52;1;3.44;0.58;10.1;5
7.2;0.66;0.03;2.3;0.08;16;86;1;3.53;0.57;9.7;5
10.1;0.45;0.23;1.9;0.08;10;18;1;3.22;0.65;9.3;6
7.2;0.66;0.03;2.3;0.08;16;86;1;3.53;0.57;9.7;5
7.2;0.63;0.03;2.2;0.08;17;88;1;3.53;0.58;9.8;6
7.1;0.59;0.01;2.3;0.08;27;43;1;3.42;0.58;10.7;6
8.3;0.31;0.39;2.4;0.08;17;43;0.99;3.31;0.77;12.5;7
7.1;0.59;0.01;2.3;0.08;27;43;1;3.42;0.58;10.7;6
8.3;0.31;0.39;2.4;0.08;17;43;0.99;3.31;0.77;12.5;7
8.3;1.02;0.02;3.4;0.08;6;11;1;3.48;0.49;11;3
8.9;0.31;0.36;2.6;0.06;10;39;1;3.4;0.69;11.8;5
7.4;0.64;0.1;2.4;0.08;16;33;1;3.58;0.69;10.8;7
7.4;0.64;0.1;2.4;0.08;16;33;1;3.58;0.69;10.8;7
6.8;0.59;0.06;6;0.06;11;18;1;3.41;0.59;10.8;7
6.8;0.59;0.06;6;0.06;11;18;1;3.41;0.59;10.8;7
9.2;0.58;0.2;3;0.08;15;115;1;3.23;0.59;9.5;5
7.2;0.54;0.27;2.6;0.08;12;78;1;3.39;0.71;11;5
6.1;0.56;0;2.2;0.08;6;9;0.99;3.59;0.54;11.5;6
7.4;0.52;0.13;2.4;0.08;34;61;1;3.43;0.59;10.8;6
7.3;0.31;0.39;1.2;0.06;7;11;0.99;3.29;0.52;11.5;6
9.3;0.38;0.48;3.8;0.13;3;11;1;3.23;0.57;13.2;6
9.1;0.28;0.46;9;0.11;3;9;1;3.18;0.6;10.9;6
10;0.46;0.44;2.9;0.07;4;8;1;3.33;0.62;12.2;6
9.4;0.4;0.46;4.6;0.09;3;10;1;3.27;0.64;12.2;7
7.3;0.31;0.39;1.2;0.06;7;11;0.99;3.29;0.52;11.5;6
8.6;0.32;0.4;2.2;0.08;3;6;1;3.27;0.67;11.9;6
5.3;0.72;0.19;1.5;0.16;7;62;0.99;3.62;0.61;11;5
6.8;0.41;0.31;8.8;0.08;26;45;1;3.38;0.64;10.1;6
8.4;0.36;0.32;2.2;0.08;32;79;1;3.3;0.72;11;6
8.4;0.62;0.12;1.8;0.07;38;46;1;3.38;0.89;11.8;6
9.6;0.41;0.37;2.3;0.09;10;23;1;3.24;0.56;10.5;5
8.4;0.36;0.32;2.2;0.08;32;79;1;3.3;0.72;11;6
8.4;0.62;0.12;1.8;0.07;38;46;1;3.38;0.89;11.8;6
6.8;0.41;0.31;8.8;0.08;26;45;1;3.38;0.64;10.1;6
8.6;0.47;0.27;2.3;0.06;14;28;1;3.18;0.8;11.2;5
8.6;0.22;0.36;1.9;0.06;53;77;1;3.47;0.87;11;7
9.4;0.24;0.33;2.3;0.06;52;73;1;3.47;0.9;10.2;6
8.4;0.67;0.19;2.2;0.09;11;75;1;3.2;0.59;9.2;4
8.6;0.47;0.27;2.3;0.06;14;28;1;3.18;0.8;11.2;5
8.7;0.33;0.38;3.3;0.06;10;19;0.99;3.3;0.73;12;7
6.6;0.61;0.01;1.9;0.08;8;25;1;3.69;0.73;10.5;5
7.4;0.61;0.01;2;0.07;13;38;1;3.48;0.65;9.8;5
7.6;0.4;0.29;1.9;0.08;29;66;1;3.45;0.59;9.5;6
7.4;0.61;0.01;2;0.07;13;38;1;3.48;0.65;9.8;5
6.6;0.61;0.01;1.9;0.08;8;25;1;3.69;0.73;10.5;5
8.8;0.3;0.38;2.3;0.06;19;72;1;3.39;0.72;11.8;6
8.8;0.3;0.38;2.3;0.06;19;72;1;3.39;0.72;11.8;6
12;0.63;0.5;1.4;0.07;6;26;1;3.07;0.6;10.4;4
7.2;0.38;0.38;2.8;0.07;23;42;0.99;3.34;0.72;12.9;7
6.2;0.46;0.17;1.6;0.07;7;11;0.99;3.61;0.54;11.4;5
9.6;0.33;0.52;2.2;0.07;13;25;1;3.36;0.76;12.4;7
9.9;0.27;0.49;5;0.08;9;17;0.99;3.19;0.52;12.5;7
10.1;0.43;0.4;2.6;0.09;13;52;1;3.22;0.64;10;7
9.8;0.5;0.34;2.3;0.09;10;45;1;3.24;0.6;9.7;7
8.3;0.3;0.49;3.8;0.09;11;24;0.99;3.27;0.64;12.1;7
10.2;0.44;0.42;2;0.07;7;20;1;3.14;0.79;11.1;7
10.2;0.44;0.58;4.1;0.09;11;24;1;3.29;0.99;12;7
8.3;0.28;0.48;2.1;0.09;6;12;0.99;3.26;0.62;12.4;7
8.9;0.12;0.45;1.8;0.08;10;21;1;3.41;0.76;11.9;7
8.9;0.12;0.45;1.8;0.08;10;21;1;3.41;0.76;11.9;7
8.9;0.12;0.45;1.8;0.08;10;21;1;3.41;0.76;11.9;7
8.3;0.28;0.48;2.1;0.09;6;12;0.99;3.26;0.62;12.4;7
8.2;0.31;0.4;2.2;0.06;6;10;1;3.31;0.68;11.2;7
10.2;0.34;0.48;2.1;0.05;5;9;0.99;3.2;0.69;12.1;7
7.6;0.43;0.4;2.7;0.08;6;11;1;3.44;0.54;12.2;6
8.5;0.21;0.52;1.9;0.09;9;23;1;3.36;0.67;10.4;5
9;0.36;0.52;2.1;0.11;5;10;1;3.31;0.62;11.3;6
9.5;0.37;0.52;2;0.09;12;51;1;3.29;0.58;11.1;6
6.4;0.57;0.12;2.3;0.12;25;36;1;3.47;0.71;11.3;7
8;0.59;0.05;2;0.09;12;32;1;3.36;0.61;10;5
8.5;0.47;0.27;1.9;0.06;18;38;1;3.16;0.85;11.1;6
7.1;0.56;0.14;1.6;0.08;7;18;1;3.27;0.62;9.3;5
6.6;0.57;0.02;2.1;0.12;6;16;1;3.38;0.69;9.5;5
8.8;0.27;0.39;2;0.1;20;27;1;3.15;0.69;11.2;6
8.5;0.47;0.27;1.9;0.06;18;38;1;3.16;0.85;11.1;6
8.3;0.34;0.4;2.4;0.07;24;48;1;3.34;0.86;11;6
9;0.38;0.41;2.4;0.1;6;10;1;3.13;0.58;11.9;7
8.5;0.66;0.2;2.1;0.1;23;113;1;3.13;0.48;9.2;5
9;0.4;0.43;2.4;0.07;29;46;0.99;3.2;0.6;12.2;6
6.7;0.56;0.09;2.9;0.08;7;22;1;3.46;0.61;10.2;5
10.4;0.26;0.48;1.9;0.07;6;10;1;3.33;0.87;10.9;6
10.4;0.26;0.48;1.9;0.07;6;10;1;3.33;0.87;10.9;6
10.1;0.38;0.5;2.4;0.1;6;13;1;3.22;0.65;11.6;7
8.5;0.34;0.44;1.7;0.08;6;12;1;3.52;0.63;10.7;5
8.8;0.33;0.41;5.9;0.07;7;13;1;3.3;0.62;12.1;7
7.2;0.41;0.3;2.1;0.08;35;72;1;3.44;0.52;9.4;5
7.2;0.41;0.3;2.1;0.08;35;72;1;3.44;0.52;9.4;5
8.4;0.59;0.29;2.6;0.11;31;119;1;3.15;0.5;9.1;5
7;0.4;0.32;3.6;0.06;9;29;0.99;3.28;0.49;11.3;7
12.2;0.45;0.49;1.4;0.08;3;6;1;3.13;0.63;10.4;5
9.1;0.5;0.3;1.9;0.07;8;17;1;3.32;0.71;10.5;6
9.5;0.86;0.26;1.9;0.08;13;28;1;3.25;0.62;10;5
7.3;0.52;0.32;2.1;0.07;51;70;0.99;3.34;0.82;12.9;6
9.1;0.5;0.3;1.9;0.07;8;17;1;3.32;0.71;10.5;6
12.2;0.45;0.49;1.4;0.08;3;6;1;3.13;0.63;10.4;5
7.4;0.58;0;2;0.06;7;11;1;3.45;0.58;11.3;6
9.8;0.34;0.39;1.4;0.07;3;7;0.99;3.19;0.55;11.4;7
7.1;0.36;0.3;1.6;0.08;35;70;1;3.44;0.5;9.4;5
7.7;0.39;0.12;1.7;0.1;19;27;1;3.16;0.49;9.4;5
9.7;0.3;0.4;1.5;0.07;14;21;1;3.14;0.51;10.9;6
7.7;0.39;0.12;1.7;0.1;19;27;1;3.16;0.49;9.4;5
7.1;0.34;0.28;2;0.08;31;68;1;3.45;0.48;9.4;5
6.5;0.4;0.1;2;0.08;30;47;1;3.36;0.48;9.4;6
7.1;0.34;0.28;2;0.08;31;68;1;3.45;0.48;9.4;5
10;0.35;0.45;2.5;0.09;20;88;1;3.15;0.43;9.4;5
7.7;0.6;0.06;2;0.08;19;41;1;3.39;0.62;10.1;6
5.6;0.66;0;2.2;0.09;3;11;0.99;3.71;0.63;12.8;7
5.6;0.66;0;2.2;0.09;3;11;0.99;3.71;0.63;12.8;7
8.9;0.84;0.34;1.4;0.05;4;10;1;3.12;0.48;9.1;6
6.4;0.69;0;1.65;0.06;7;12;0.99;3.47;0.53;12.9;6
7.5;0.43;0.3;2.2;0.06;6;12;0.99;3.44;0.72;11.5;7
9.9;0.35;0.38;1.5;0.06;31;47;1;3.26;0.82;10.6;7
9.1;0.29;0.33;2.05;0.06;13;27;1;3.26;0.84;11.7;7
6.8;0.36;0.32;1.8;0.07;4;8;0.99;3.36;0.55;12.8;7
8.2;0.43;0.29;1.6;0.08;27;45;1;3.25;0.54;10.3;5
6.8;0.36;0.32;1.8;0.07;4;8;0.99;3.36;0.55;12.8;7
9.1;0.29;0.33;2.05;0.06;13;27;1;3.26;0.84;11.7;7
9.1;0.3;0.34;2;0.06;12;25;1;3.26;0.84;11.7;7
8.9;0.35;0.4;3.6;0.11;12;24;1;3.23;0.7;12;7
9.6;0.5;0.36;2.8;0.12;26;55;1;3.18;0.68;10.9;5
8.9;0.28;0.45;1.7;0.07;7;12;0.99;3.25;0.55;12.3;7
8.9;0.32;0.31;2;0.09;12;19;1;3.17;0.55;10.4;6
7.7;1.01;0.15;2.1;0.1;11;32;1;3.23;0.48;10;5
7.5;0.71;0;1.6;0.09;22;31;1;3.38;0.58;10;6
8;0.58;0.16;2;0.12;3;7;0.99;3.22;0.58;11.2;6
10.5;0.39;0.46;2.2;0.08;14;27;1;3.06;0.84;11.4;6
8.9;0.38;0.4;2.2;0.07;12;28;0.99;3.27;0.75;12.6;7
8;0.18;0.37;0.9;0.05;36;109;0.99;2.89;0.44;12.7;6
8;0.18;0.37;0.9;0.05;36;109;0.99;2.89;0.44;12.7;6
7;0.5;0.14;1.8;0.08;10;23;1;3.53;0.61;10.4;5
11.3;0.36;0.66;2.4;0.12;3;8;1;3.2;0.53;11.9;6
11.3;0.36;0.66;2.4;0.12;3;8;1;3.2;0.53;11.9;6
7;0.51;0.09;2.1;0.06;4;9;1;3.35;0.54;10.5;5
8.2;0.32;0.42;2.3;0.1;3;9;1;3.27;0.55;12.3;6
7.7;0.58;0.01;1.8;0.09;12;18;1;3.32;0.56;10.5;7
8.6;0.83;0;2.8;0.1;17;43;1;3.33;0.6;10.4;6
7.9;0.31;0.32;1.9;0.07;14;36;0.99;3.41;0.56;12.6;6
6.4;0.8;0;2.2;0.07;28;52;0.99;3.49;0.52;11.6;5
7.2;0.34;0.21;2.5;0.08;41;68;1;3.37;0.54;10.1;6
7.7;0.58;0.01;1.8;0.09;12;18;1;3.32;0.56;10.5;7
7.1;0.59;0;2.1;0.09;9;14;0.99;3.42;0.55;11.5;7
7.3;0.55;0.01;1.8;0.09;9;15;1;3.35;0.58;11;7
8.1;0.82;0;4.1;0.1;5;14;1;3.36;0.53;9.6;5
7.5;0.57;0.08;2.6;0.09;14;27;1;3.3;0.59;10.4;6
8.9;0.75;0.18;2.5;0.08;15;48;1;3.2;0.47;9.7;6
10.1;0.37;0.34;2.4;0.09;5;17;1;3.17;0.65;10.6;7
7.6;0.31;0.34;2.5;0.08;26;35;0.99;3.22;0.59;12.5;7
7.3;0.91;0.1;1.8;0.07;20;56;1;3.35;0.56;9.2;5
8.7;0.41;0.41;6.2;0.08;25;42;1;3.24;0.77;12.6;7
8.9;0.5;0.21;2.2;0.09;21;39;1;3.33;0.83;11.1;6
7.4;0.97;0;2.2;0.09;16;32;1;3.58;0.67;10.2;5
6.9;0.49;0.19;1.7;0.08;13;26;1;3.38;0.64;9.8;6
8.9;0.5;0.21;2.2;0.09;21;39;1;3.33;0.83;11.1;6
9.5;0.39;0.41;8.9;0.07;18;39;1;3.29;0.81;10.9;7
6.4;0.39;0.33;3.3;0.05;12;53;0.99;3.36;0.62;12.2;6
6.9;0.44;0;1.4;0.07;32;38;0.99;3.32;0.58;11.4;6
7.6;0.78;0;1.7;0.08;33;45;1;3.31;0.62;10.7;6
7.1;0.43;0.17;1.8;0.08;27;51;1;3.49;0.64;10.4;5
9.3;0.49;0.36;1.7;0.08;3;14;1;3.27;0.78;10.9;6
9.3;0.5;0.36;1.8;0.08;6;17;1;3.27;0.77;10.8;6
7.1;0.43;0.17;1.8;0.08;27;51;1;3.49;0.64;10.4;5
8.5;0.46;0.59;1.4;0.41;16;45;1;3.03;1.34;9.2;5
5.6;0.61;0.05;2.4;0.07;19;25;0.99;3.56;0.55;12.9;5
8.3;0.33;0.42;2.3;0.07;9;20;0.99;3.38;0.77;12.7;7
8.2;0.64;0.27;2;0.1;5;77;1;3.13;0.62;9.1;6
8.2;0.64;0.27;2;0.1;5;77;1;3.13;0.62;9.1;6
8.9;0.48;0.53;4;0.1;3;10;1;3.21;0.59;12.1;7
7.6;0.42;0.25;3.9;0.1;28;90;1;3.15;0.57;9.1;5
9.9;0.53;0.57;2.4;0.09;30;52;1;3.19;0.76;11.6;7
8.9;0.48;0.53;4;0.1;3;10;1;3.21;0.59;12.1;7
11.6;0.23;0.57;1.8;0.07;3;8;1;3.14;0.7;9.9;6
9.1;0.4;0.5;1.8;0.07;7;16;0.99;3.21;0.69;12.5;8
8;0.38;0.44;1.9;0.1;6;15;1;3.3;0.64;11.4;6
10.2;0.29;0.65;2.4;0.08;6;17;1;3.22;0.63;11.8;6
8.2;0.74;0.09;2;0.07;5;10;0.99;3.28;0.57;11.8;6
7.7;0.61;0.18;2.4;0.08;6;20;1;3.29;0.6;10.2;6
6.6;0.52;0.08;2.4;0.07;13;26;0.99;3.4;0.72;12.5;7
11.1;0.31;0.53;2.2;0.06;3;10;1;3.02;0.83;10.9;7
11.1;0.31;0.53;2.2;0.06;3;10;1;3.02;0.83;10.9;7
8;0.62;0.35;2.8;0.09;28;52;1;3.31;0.62;10.8;5
9.3;0.33;0.45;1.5;0.06;19;37;0.99;3.18;0.89;11.1;7
7.5;0.77;0.2;8.1;0.1;30;92;1;3.2;0.58;9.2;5
7.2;0.35;0.26;1.8;0.08;33;75;1;3.4;0.58;9.5;6
8;0.62;0.33;2.7;0.09;16;37;1;3.31;0.58;10.7;6
7.5;0.77;0.2;8.1;0.1;30;92;1;3.2;0.58;9.2;5
9.1;0.25;0.34;2;0.07;45;67;1;3.44;0.86;10.2;7
9.9;0.32;0.56;2;0.07;3;8;1;3.15;0.73;11.4;6
8.6;0.37;0.65;6.4;0.08;3;8;1;3.27;0.58;11;5
8.6;0.37;0.65;6.4;0.08;3;8;1;3.27;0.58;11;5
7.9;0.3;0.68;8.3;0.05;37.5;278;0.99;3.01;0.51;12.3;7
10.3;0.27;0.56;1.4;0.05;3;8;0.99;3.16;0.51;11.8;6
7.9;0.3;0.68;8.3;0.05;37.5;289;0.99;3.01;0.51;12.3;7
7.2;0.38;0.3;1.8;0.07;31;70;1;3.42;0.59;9.5;6
8.7;0.42;0.45;2.4;0.07;32;59;1;3.33;0.77;12;6
7.2;0.38;0.3;1.8;0.07;31;70;1;3.42;0.59;9.5;6
6.8;0.48;0.08;1.8;0.07;40;64;1;3.12;0.49;9.6;5
8.5;0.34;0.4;4.7;0.06;3;9;1;3.38;0.66;11.6;7
7.9;0.19;0.42;1.6;0.06;18;30;0.99;3.29;0.69;11.2;6
11.6;0.41;0.54;1.5;0.1;22;41;1;3.02;0.76;9.9;7
11.6;0.41;0.54;1.5;0.1;22;41;1;3.02;0.76;9.9;7
10;0.26;0.54;1.9;0.08;42;74;0.99;2.98;0.63;11.8;8
7.9;0.34;0.42;2;0.09;8;19;1;3.35;0.6;11.4;6
7;0.54;0.09;2;0.08;10;16;0.99;3.43;0.59;11.5;6
9.2;0.31;0.36;2.2;0.08;11;31;1;3.33;0.86;12;7
6.6;0.73;0.09;5.5;0.12;9;17;1;3.35;0.49;10.8;6
9.4;0.4;0.47;2.5;0.09;6;20;1;3.15;0.5;10.5;5
6.6;0.73;0.09;5.5;0.12;9;17;1;3.35;0.49;10.8;6
8.6;0.52;0.38;1.5;0.1;5;18;1;3.2;0.52;9.4;5
8;0.31;0.45;2.1;0.22;5;16;0.99;3.15;0.81;12.5;7
8.6;0.52;0.38;1.5;0.1;5;18;1;3.2;0.52;9.4;5
8.4;0.34;0.42;2.1;0.07;23;36;0.99;3.11;0.78;12.4;6
7.4;0.49;0.27;2.1;0.07;14;25;0.99;3.35;0.63;12;6
6.1;0.48;0.09;1.7;0.08;18;30;0.99;3.45;0.54;11.2;6
7.4;0.49;0.27;2.1;0.07;14;25;0.99;3.35;0.63;12;6
8;0.48;0.34;2.2;0.07;16;25;0.99;3.28;0.66;12.4;6
6.3;0.57;0.28;2.1;0.05;13;49;0.99;3.41;0.6;12.8;5
8.2;0.23;0.42;1.9;0.07;9;17;0.99;3.21;0.54;12.3;6
9.1;0.3;0.41;2;0.07;10;24;1;3.27;0.85;11.7;7
8.1;0.78;0.1;3.3;0.09;4;13;1;3.36;0.49;9.5;5
10.8;0.47;0.43;2.1;0.17;27;66;1;3.17;0.76;10.8;6
8.3;0.53;0;1.4;0.07;6;14;1;3.25;0.64;10;6
5.4;0.42;0.27;2;0.09;23;55;0.99;3.78;0.64;12.3;7
7.9;0.33;0.41;1.5;0.06;6;35;0.99;3.29;0.71;11;6
8.9;0.24;0.39;1.6;0.07;3;10;1;3.12;0.59;9.5;6
5;0.4;0.5;4.3;0.05;29;80;0.99;3.49;0.66;13.6;6
7;0.69;0.07;2.5;0.09;15;21;1;3.38;0.6;11.3;6
7;0.69;0.07;2.5;0.09;15;21;1;3.38;0.6;11.3;6
7;0.69;0.07;2.5;0.09;15;21;1;3.38;0.6;11.3;6
7.1;0.39;0.12;2.1;0.07;14;24;0.99;3.3;0.53;13.3;6
5.6;0.66;0;2.5;0.07;7;15;0.99;3.52;0.58;12.9;5
7.9;0.54;0.34;2.5;0.08;8;17;0.99;3.2;0.72;13.1;8
6.6;0.5;0;1.8;0.06;21;28;0.99;3.44;0.55;12.3;6
6.3;0.47;0;1.4;0.06;27;33;0.99;3.45;0.48;12.3;6
10.7;0.4;0.37;1.9;0.08;17;29;1;3.12;0.65;11.2;6
6.5;0.58;0;2.2;0.1;3;13;1;3.62;0.62;11.5;4
8.8;0.24;0.35;1.7;0.06;13;27;0.99;3.14;0.59;11.3;7
5.8;0.29;0.26;1.7;0.06;3;11;0.99;3.39;0.54;13.5;6
6.3;0.76;0;2.9;0.07;26;52;0.99;3.51;0.6;11.5;6
10;0.43;0.33;2.7;0.1;28;89;1;3.22;0.68;10;5
10.5;0.43;0.35;3.3;0.09;24;70;1;3.21;0.69;10.5;6
9.1;0.6;0;1.9;0.06;5;10;1;3.18;0.63;10.4;6
5.9;0.19;0.21;1.7;0.05;57;135;0.99;3.32;0.44;9.5;5
7.4;0.36;0.34;1.8;0.08;18;38;0.99;3.38;0.88;13.6;7
7.2;0.48;0.07;5.5;0.09;10;18;1;3.37;0.68;11.2;7
8.5;0.28;0.35;1.7;0.06;6;15;1;3.3;0.74;11.8;7
8;0.25;0.43;1.7;0.07;22;50;0.99;3.38;0.6;11.9;6
10.4;0.52;0.45;2;0.08;6;13;1;3.22;0.76;11.4;6
10.4;0.52;0.45;2;0.08;6;13;1;3.22;0.76;11.4;6
7.5;0.41;0.15;3.7;0.1;29;94;1;3.14;0.58;9.1;5
8.2;0.51;0.24;2;0.08;16;86;1;3.34;0.64;9.5;6
7.3;0.4;0.3;1.7;0.08;33;79;1;3.41;0.65;9.5;6
8.2;0.38;0.32;2.5;0.08;24;71;1;3.27;0.85;11;6
6.9;0.45;0.11;2.4;0.04;6;12;0.99;3.3;0.65;11.4;6
7;0.22;0.3;1.8;0.07;16;20;1;3.61;0.82;10;6
7.3;0.32;0.23;2.3;0.07;35;70;1;3.43;0.62;10.1;5
8.2;0.2;0.43;2.5;0.08;31;51;1;3.53;0.81;10.4;6
7.8;0.5;0.12;1.8;0.18;6;21;1;3.28;0.87;9.8;6
10;0.41;0.45;6.2;0.07;6;14;1;3.21;0.49;11.8;7
7.8;0.39;0.42;2;0.09;9;21;1;3.39;0.66;11.6;6
10;0.35;0.47;2;0.06;6;11;1;3.23;0.52;12;6
8.2;0.33;0.32;2.8;0.07;4;12;0.99;3.3;0.76;12.8;7
6.1;0.58;0.23;2.5;0.04;16;70;0.99;3.46;0.65;12.5;6
8.3;0.6;0.25;2.2;0.12;9;38;1;3.15;0.53;9.8;5
9.6;0.42;0.35;2.1;0.08;17;38;1;3.23;0.66;11.1;6
6.6;0.58;0;2.2;0.1;50;63;1;3.59;0.68;11.4;6
8.3;0.6;0.25;2.2;0.12;9;38;1;3.15;0.53;9.8;5
8.5;0.18;0.51;1.75;0.07;45;88;1;3.33;0.76;11.8;7
5.1;0.51;0.18;2.1;0.04;16;101;0.99;3.46;0.87;12.9;7
6.7;0.41;0.43;2.8;0.08;22;54;1;3.42;1.16;10.6;6
10.2;0.41;0.43;2.2;0.11;11;37;1;3.16;0.67;10.8;5
10.6;0.36;0.57;2.3;0.09;6;20;1;3.14;0.72;11.1;7
8.8;0.45;0.43;1.4;0.08;12;21;1;3.21;0.75;10.2;6
8.5;0.32;0.42;2.3;0.08;12;19;0.99;3.14;0.71;11.8;7
9;0.79;0.24;1.7;0.08;10;21;1;3.29;0.67;10;5
9;0.79;0.24;1.7;0.08;10;21;1;3.29;0.67;10;5
8.5;0.44;0.5;1.9;0.37;15;38;1;3.01;1.1;9.4;5
9.9;0.54;0.26;2;0.11;7;60;1;2.94;0.98;10.2;5
8.2;0.33;0.39;2.5;0.07;29;48;1;3.32;0.88;12.4;7
6.5;0.34;0.27;2.8;0.07;8;44;0.99;3.21;0.56;12;6
7.6;0.5;0.29;2.3;0.09;5;14;1;3.32;0.62;11.5;6
9.2;0.36;0.34;1.6;0.06;5;12;1;3.2;0.67;10.5;6
7.1;0.59;0;2.2;0.08;26;44;1;3.42;0.68;10.8;6
9.7;0.42;0.46;2.1;0.07;5;16;1;3.27;0.74;12.3;6
7.6;0.36;0.31;1.7;0.08;26;65;1;3.46;0.62;9.5;6
7.6;0.36;0.31;1.7;0.08;26;65;1;3.46;0.62;9.5;6
6.5;0.61;0;2.2;0.1;48;59;1;3.61;0.7;11.5;6
6.5;0.88;0.03;5.6;0.08;23;47;1;3.58;0.5;11.2;4
7.1;0.66;0;2.4;0.05;6;11;0.99;3.35;0.66;12.7;7
5.6;0.92;0;2.1;0.04;17;78;0.99;3.68;0.73;11.4;5
8.2;0.35;0.33;2.4;0.08;11;47;1;3.27;0.81;11;6
8.2;0.35;0.33;2.4;0.08;11;47;1;3.27;0.81;11;6
9.8;0.39;0.43;1.65;0.07;5;11;0.99;3.19;0.46;11.4;5
10.2;0.4;0.4;2.5;0.07;41;54;1;3.38;0.86;10.5;6
6.8;0.66;0.07;1.6;0.07;16;61;1;3.29;0.6;9.3;5
6.7;0.64;0.23;2.1;0.08;11;119;1;3.36;0.7;10.9;5
7;0.43;0.3;2;0.09;6;39;0.99;3.33;0.46;11.9;6
6.6;0.8;0.03;7.8;0.08;6;12;1;3.52;0.5;12.2;5
7;0.43;0.3;2;0.09;6;39;0.99;3.33;0.46;11.9;6
6.7;0.64;0.23;2.1;0.08;11;119;1;3.36;0.7;10.9;5
8.8;0.96;0.05;1.8;0.08;5;19;1;3.3;0.44;9.6;4
9.1;0.4;0.57;4.6;0.08;6;20;1;3.28;0.57;12.5;6
6.5;0.89;0;2.3;0.17;6;12;1;3.56;0.51;10.8;5
7.2;0.25;0.37;2.5;0.06;11;41;0.99;3.52;0.8;12.4;7
6.4;0.89;0;2.3;0.17;6;12;1;3.56;0.51;10.8;5
7;0.75;0.12;1.8;0.11;15;64;1;3.22;0.59;9.5;6
6.2;0.43;0.22;1.8;0.08;21;56;1;3.52;0.6;9.5;6
7.9;0.58;0.23;2.3;0.08;23;94;1;3.21;0.58;9.5;6
7.7;0.57;0.21;1.5;0.07;4;9;0.99;3.16;0.54;9.8;6
7.7;0.26;0.26;2;0.05;19;77;1;3.15;0.79;10.9;6
7.9;0.58;0.23;2.3;0.08;23;94;1;3.21;0.58;9.5;6
7.7;0.57;0.21;1.5;0.07;4;9;0.99;3.16;0.54;9.8;6
7.9;0.34;0.36;1.9;0.07;5;10;0.99;3.27;0.54;11.2;7
8.6;0.42;0.39;1.8;0.07;6;12;1;3.35;0.69;11.7;8
9.9;0.74;0.19;5.8;0.11;33;76;1;3.14;0.55;9.4;5
7.2;0.36;0.46;2.1;0.07;24;44;1;3.4;0.85;11;7
7.2;0.36;0.46;2.1;0.07;24;44;1;3.4;0.85;11;7
7.2;0.36;0.46;2.1;0.07;24;44;1;3.4;0.85;11;7
9.9;0.72;0.55;1.7;0.14;24;52;1;3.35;0.94;10;5
7.2;0.36;0.46;2.1;0.07;24;44;1;3.4;0.85;11;7
6.2;0.39;0.43;2;0.07;14;24;0.99;3.45;0.87;11.2;7
6.8;0.65;0.02;2.1;0.08;8;15;0.99;3.35;0.62;10.4;6
6.6;0.44;0.15;2.1;0.08;22;53;1;3.32;0.62;9.3;5
6.8;0.65;0.02;2.1;0.08;8;15;0.99;3.35;0.62;10.4;6
9.6;0.38;0.42;1.9;0.07;5;13;1;3.15;0.75;10.5;6
10.2;0.33;0.46;1.9;0.08;6;9;1;3.1;0.48;10.4;6
8.8;0.27;0.46;2.1;0.1;20;29;0.99;3.26;0.56;11.3;6
7.9;0.57;0.31;2;0.08;10;79;1;3.29;0.69;9.5;6
8.2;0.34;0.37;1.9;0.06;43;74;0.99;3.23;0.81;12;6
8.2;0.4;0.31;1.9;0.08;8;24;1;3.24;0.69;10.6;6
9;0.39;0.4;1.3;0.04;25;50;0.99;3.2;0.83;10.9;6
10.9;0.32;0.52;1.8;0.13;17;44;1;3.28;0.77;11.5;6
10.9;0.32;0.52;1.8;0.13;17;44;1;3.28;0.77;11.5;6
8.1;0.53;0.22;2.2;0.08;33;89;1;3.26;0.46;9.6;6
10.5;0.36;0.47;2.2;0.07;9;23;1;3.23;0.76;12;6
12.6;0.39;0.49;2.5;0.08;8;20;1;3.07;0.82;10.3;6
9.2;0.46;0.23;2.6;0.09;18;77;1;3.15;0.51;9.4;5
7.5;0.58;0.03;4.1;0.08;27;46;1;3.02;0.47;9.2;5
9;0.58;0.25;2;0.1;8;21;1;3.27;0.72;9.6;5
5.1;0.42;0;1.8;0.04;18;88;0.99;3.68;0.73;13.6;7
7.6;0.43;0.29;2.1;0.08;19;66;1;3.4;0.64;9.5;5
7.7;0.18;0.34;2.7;0.07;15;58;0.99;3.37;0.78;11.8;6
7.8;0.82;0.01;2.6;0.07;48;90;1;3.38;0.62;10.8;5
7.6;0.43;0.29;2.1;0.08;19;66;1;3.4;0.64;9.5;5
10.2;0.23;0.37;2.2;0.06;14;36;1;3.23;0.49;9.3;4
7.1;0.75;0.01;2.2;0.06;11;18;0.99;3.39;0.4;12.8;6
6;0.33;0.32;12.9;0.05;6;113;1;3.3;0.56;11.5;4
7.8;0.55;0;1.7;0.07;7;17;1;3.26;0.64;9.4;6
7.1;0.75;0.01;2.2;0.06;11;18;0.99;3.39;0.4;12.8;6
8.1;0.73;0;2.5;0.08;12;24;1;3.38;0.46;9.6;4
6.5;0.67;0;4.3;0.06;11;20;0.99;3.45;0.56;11.8;4
7.5;0.61;0.2;1.7;0.08;36;60;0.99;3.1;0.4;9.3;5
9.8;0.37;0.39;2.5;0.08;28;65;1;3.16;0.59;9.8;5
9;0.4;0.41;2;0.06;15;40;0.99;3.22;0.6;12.2;6
8.3;0.56;0.22;2.4;0.08;10;86;1;3.37;0.62;9.5;5
5.9;0.29;0.25;13.4;0.07;72;160;1;3.33;0.54;10.3;6
7.4;0.55;0.19;1.8;0.08;15;34;1;3.49;0.68;10.5;5
7.4;0.74;0.07;1.7;0.09;15;48;1;3.12;0.48;10;5
7.4;0.55;0.19;1.8;0.08;15;34;1;3.49;0.68;10.5;5
6.9;0.41;0.33;2.2;0.08;22;36;0.99;3.41;0.75;11.1;6
7.1;0.6;0.01;2.3;0.08;24;37;1;3.4;0.61;10.9;6
7.1;0.6;0.01;2.3;0.08;24;37;1;3.4;0.61;10.9;6
7.5;0.58;0.14;2.2;0.08;27;60;1;3.28;0.59;9.8;5
7.1;0.72;0;1.8;0.12;6;14;1;3.45;0.58;9.8;5
7.9;0.66;0;1.4;0.1;6;13;1;3.43;0.58;9.5;5
7.8;0.7;0.06;1.9;0.08;20;35;1;3.4;0.69;10.9;5
6.1;0.64;0.02;2.4;0.07;26;46;0.99;3.47;0.45;11;5
7.5;0.59;0.22;1.8;0.08;43;60;0.99;3.1;0.42;9.2;5
7;0.58;0.28;4.8;0.09;12;69;1;3.32;0.7;11;6
6.8;0.64;0;2.7;0.12;15;33;1;3.44;0.63;11.3;6
6.8;0.64;0;2.7;0.12;15;33;1;3.44;0.63;11.3;6
8.6;0.64;0.68;1.8;0.4;19;56;1;3.02;1.15;9.3;5
6.3;1.02;0;2;0.08;17;24;0.99;3.59;0.55;11.2;4
9.8;0.45;0.38;2.5;0.08;34;66;1;3.15;0.58;9.8;5
8.2;0.78;0;2.2;0.09;13;26;1;3.37;0.46;9.6;4
8.5;0.37;0.32;1.8;0.07;26;51;0.99;3.38;0.72;11.8;6
7.2;0.57;0.05;2.3;0.08;16;36;1;3.38;0.6;10.3;6
7.2;0.57;0.05;2.3;0.08;16;36;1;3.38;0.6;10.3;6
10.4;0.43;0.5;2.3;0.07;13;19;1;3.1;0.87;11.4;6
6.9;0.41;0.31;2;0.08;21;51;1;3.47;0.55;9.5;6
5.5;0.49;0.03;1.8;0.04;28;87;0.99;3.5;0.82;14;8
5;0.38;0.01;1.6;0.05;26;60;0.99;3.7;0.75;14;6
7.3;0.44;0.2;1.6;0.05;24;64;0.99;3.38;0.57;11.7;6
5.9;0.46;0;1.9;0.08;25;44;0.99;3.5;0.53;11.2;5
7.5;0.58;0.2;2;0.07;34;44;0.99;3.1;0.43;9.3;5
7.8;0.58;0.13;2.1;0.1;17;36;0.99;3.24;0.53;11.2;6
8;0.72;0.22;2.3;0.08;13;81;1;3.24;0.54;9.5;6
8.5;0.4;0.4;6.3;0.05;3;10;1;3.28;0.56;12;4
7;0.69;0;1.9;0.11;3;10;1;3.35;0.6;9.7;6
8;0.72;0.22;2.3;0.08;13;81;1;3.24;0.54;9.5;6
9.8;0.3;0.39;1.7;0.06;3;9;0.99;3.14;0.57;11.5;7
7.1;0.46;0.2;1.9;0.08;28;54;1;3.37;0.64;10.4;6
7.1;0.46;0.2;1.9;0.08;28;54;1;3.37;0.64;10.4;6
7.9;0.77;0;2;0.08;9;22;1;3.33;0.68;10.9;6
8.7;0.63;0.28;2.7;0.1;17;69;1;3.26;0.63;10.2;6
7;0.42;0.19;2.3;0.07;18;36;0.99;3.39;0.56;10.9;5
11.3;0.37;0.5;1.8;0.09;20;47;1;3.15;0.57;10.5;5
7.1;0.16;0.44;2.5;0.07;17;31;0.99;3.35;0.54;12.4;6
8;0.6;0.08;2.6;0.06;3;7;0.99;3.22;0.37;13;5
7;0.6;0.3;4.5;0.07;20;110;1;3.3;1.17;10.2;5
7;0.6;0.3;4.5;0.07;20;110;1;3.3;1.17;10.2;5
7.6;0.74;0;1.9;0.1;6;12;1;3.36;0.59;11;5
8.2;0.64;0.1;2.1;0.07;25;60;1;3.29;0.75;10.9;6
5.9;0.4;0.13;2.4;0.06;14;28;0.99;3.62;0.67;12.4;6
7.5;0.76;0;1.9;0.08;6;12;1;3.34;0.49;9.7;4
8.2;0.64;0.1;2.1;0.07;25;60;1;3.29;0.75;10.9;6
6.6;0.63;0;4.3;0.09;51;77.5;1;3.2;0.45;9.5;5
6.6;0.63;0;4.3;0.09;51;77.5;1;3.2;0.45;9.5;5
7.2;0.53;0.14;2.1;0.06;15;29;0.99;3.35;0.61;12.1;6
5.7;0.6;0;1.4;0.06;11;18;0.99;3.45;0.56;12.2;6
7.6;1.58;0;2.1;0.14;5;9;0.99;3.5;0.4;10.9;3
5.2;0.65;0;2.15;0.08;15;28;0.99;3.78;0.61;12.5;6
6.7;0.86;0.07;2;0.1;20;57;1;3.6;0.74;11.7;6
9.1;0.37;0.32;2.1;0.06;4;15;1;3.3;0.8;11.2;6
8;0.28;0.44;1.8;0.08;28;68;1;3.36;0.66;11.2;5
7.6;0.79;0.21;2.3;0.09;21;68;1;3.12;0.44;9.2;5
7.5;0.61;0.26;1.9;0.07;24;88;1;3.3;0.53;9.8;5
9.7;0.69;0.32;2.5;0.09;22;91;1;3.29;0.62;10.1;5
6.8;0.68;0.09;3.9;0.07;15;29;1;3.41;0.52;11.1;4
9.7;0.69;0.32;2.5;0.09;22;91;1;3.29;0.62;10.1;5
7;0.62;0.1;1.4;0.07;27;63;1;3.28;0.61;9.2;5
7.5;0.61;0.26;1.9;0.07;24;88;1;3.3;0.53;9.8;5
6.5;0.51;0.15;3;0.06;12;27;0.99;3.33;0.59;12.8;6
8;1.18;0.21;1.9;0.08;14;41;1;3.34;0.47;10.5;5
7;0.36;0.21;2.3;0.09;20;65;1;3.4;0.54;10.1;6
7;0.36;0.21;2.4;0.09;24;69;1;3.4;0.53;10.1;6
7.5;0.63;0.27;2;0.08;17;91;1;3.26;0.58;9.8;6
5.4;0.74;0;1.2;0.04;16;46;0.99;4.01;0.59;12.5;6
9.9;0.44;0.46;2.2;0.09;10;41;1;3.18;0.69;11.9;6
7.5;0.63;0.27;2;0.08;17;91;1;3.26;0.58;9.8;6
9.1;0.76;0.68;1.7;0.41;18;64;1;2.9;1.33;9.1;6
9.7;0.66;0.34;2.6;0.09;12;88;1;3.26;0.66;10.1;5
5;0.74;0;1.2;0.04;16;46;0.99;4.01;0.59;12.5;6
9.1;0.34;0.42;1.8;0.06;9;18;0.99;3.18;0.55;11.4;5
9.1;0.36;0.39;1.8;0.06;21;55;0.99;3.18;0.82;11;7
6.7;0.46;0.24;1.7;0.08;18;34;0.99;3.39;0.6;10.6;6
6.7;0.46;0.24;1.7;0.08;18;34;0.99;3.39;0.6;10.6;6
6.7;0.46;0.24;1.7;0.08;18;34;0.99;3.39;0.6;10.6;6
6.7;0.46;0.24;1.7;0.08;18;34;0.99;3.39;0.6;10.6;6
6.5;0.52;0.11;1.8;0.07;13;38;1;3.34;0.52;9.3;5
7.4;0.6;0.26;2.1;0.08;17;91;1;3.29;0.56;9.8;6
7.4;0.6;0.26;2.1;0.08;17;91;1;3.29;0.56;9.8;6
7.8;0.87;0.26;3.8;0.11;31;67;1;3.26;0.46;9.2;5
8.4;0.39;0.1;1.7;0.08;6;25;1;3.09;0.43;9.7;6
9.1;0.78;0.22;2.2;0.08;12;48;1;3.18;0.51;9.6;5
7.2;0.84;0;2;0.17;4;11;1;3.39;0.52;10;5
6.6;0.58;0.02;2.4;0.07;19;40;0.99;3.38;0.66;12.6;6
6;0.5;0;1.4;0.06;15;26;0.99;3.36;0.45;9.5;5
6;0.5;0;1.4;0.06;15;26;0.99;3.36;0.45;9.5;5
6;0.5;0;1.4;0.06;15;26;0.99;3.36;0.45;9.5;5
7.5;0.51;0.02;1.7;0.08;13;31;1;3.36;0.54;10.5;6
7.5;0.51;0.02;1.7;0.08;13;31;1;3.36;0.54;10.5;6
7.5;0.51;0.02;1.7;0.08;13;31;1;3.36;0.54;10.5;6
7.6;0.54;0.02;1.7;0.09;17;31;1;3.37;0.51;10.4;6
7.5;0.51;0.02;1.7;0.08;13;31;1;3.36;0.54;10.5;6
11.5;0.42;0.48;2.6;0.08;8;20;1;3.09;0.53;11;5
8.2;0.44;0.24;2.3;0.06;10;28;1;3.25;0.53;10.2;6
6.1;0.59;0.01;2.1;0.06;5;13;0.99;3.52;0.56;11.4;5
7.2;0.66;0.03;1.8;0.08;7;12;1;3.34;0.39;9.5;5
7.2;0.66;0.03;1.8;0.08;7;12;1;3.34;0.39;9.5;5
6.9;0.57;0;2.8;0.08;21;41;1;3.41;0.52;10.8;5
9;0.6;0.29;2;0.07;32;73;1;3.34;0.57;10;5
7.2;0.62;0.01;2.3;0.07;8;46;0.99;3.32;0.51;11.8;6
7.6;0.65;0.03;1.9;0.09;14;57;1;3.37;0.46;10.3;5
7.6;0.65;0.03;1.9;0.09;14;57;1;3.37;0.46;10.3;5
7.2;0.58;0.03;2.3;0.08;7;28;1;3.35;0.52;10;5
6.1;0.32;0.25;1.8;0.09;5;32;0.99;3.36;0.44;10.1;5
6.1;0.34;0.25;1.8;0.08;4;28;0.99;3.36;0.44;10.1;5
7.3;0.43;0.24;2.5;0.08;27;67;1;3.6;0.59;11.1;6
7.4;0.64;0.17;5.4;0.17;52;98;1;3.28;0.5;9.5;5
11.6;0.48;0.4;1.4;0.09;6;28;1;3.07;0.65;10.03;6
9.2;0.54;0.31;2.3;0.11;11;38;1;3.24;0.56;10.9;5
8.3;0.85;0.14;2.5;0.09;13;54;1;3.36;0.54;10.1;5
11.6;0.48;0.4;1.4;0.09;6;28;1;3.07;0.65;10.03;6
8;0.83;0.27;2;0.08;11;63;1;3.29;0.48;9.8;4
7.2;0.61;0.02;1.9;0.1;10;31;1;3.46;0.53;11.8;6
7.8;0.5;0.09;2.2;0.12;10;42;1;3.18;0.62;9.5;5
7.3;0.74;0.08;1.7;0.09;10;45;1;3.24;0.5;9.8;5
6.9;0.54;0.3;2.2;0.09;9;105;1;3.25;1.18;10.5;6
8;0.77;0.32;2.1;0.08;16;74;1;3.27;0.5;9.8;6
6.6;0.61;0;1.6;0.07;4;8;0.99;3.33;0.37;10.4;4
8.7;0.78;0.51;1.7;0.42;12;66;1;3;1.17;9.2;5
7.5;0.58;0.56;3.1;0.15;5;14;0.99;3.21;1.03;11.6;6
8.7;0.78;0.51;1.7;0.42;12;66;1;3;1.17;9.2;5
7.7;0.75;0.27;3.8;0.11;34;89;1;3.24;0.45;9.3;5
6.8;0.82;0;1.2;0.27;16;29;0.99;3.32;0.51;9.8;3
7.2;0.56;0.26;2;0.08;13;100;1;3.26;0.52;9.9;5
8.2;0.89;0.2;1.4;0.09;7;31;0.99;3.11;0.46;10;5
5.2;0.49;0.26;2.3;0.09;23;74;1;3.71;0.62;12.2;6
7.2;0.45;0.15;2;0.08;10;28;1;3.29;0.51;9.9;6
7.5;0.57;0.02;2.6;0.08;11;35;1;3.36;0.62;10.8;6
7.5;0.57;0.02;2.6;0.08;11;35;1;3.36;0.62;10.8;6
6.8;0.83;0.09;1.8;0.07;4;25;1;3.38;0.45;9.6;5
8;0.6;0.22;2.1;0.08;25;105;1;3.3;0.49;9.9;5
8;0.6;0.22;2.1;0.08;25;105;1;3.3;0.49;9.9;5
7.1;0.76;0.15;1.8;0.11;20;84;1;3.19;0.5;9.5;5
8;0.81;0.25;3.4;0.08;34;85;1;3.19;0.42;9.2;5
7.4;0.64;0.07;1.8;0.1;8;23;1;3.3;0.58;9.6;5
7.4;0.64;0.07;1.8;0.1;8;23;1;3.3;0.58;9.6;5
6.6;0.64;0.31;6.1;0.08;7;49;1;3.35;0.68;10.3;5
6.7;0.48;0.02;2.2;0.08;36;111;1;3.1;0.53;9.7;5
6;0.49;0;2.3;0.07;15;33;0.99;3.58;0.59;12.5;6
8;0.64;0.22;2.4;0.09;5;33;1;3.37;0.58;11;5
7.1;0.62;0.06;1.3;0.07;5;12;0.99;3.17;0.48;9.8;5
8;0.52;0.25;2;0.08;19;59;1;3.3;0.48;10.2;5
6.4;0.57;0.14;3.9;0.07;27;73;1;3.32;0.48;9.2;5
8.6;0.69;0.1;1.6;0.09;3;12;1;3.31;0.65;9.55;6
8.7;0.68;0.1;1.6;0.09;4;11;1;3.31;0.65;9.55;5
7.3;0.59;0.26;2;0.08;17;104;1;3.28;0.52;9.9;5
7;0.6;0.12;2.2;0.08;13;28;1;3.52;0.62;10.2;7
7.2;0.67;0;2.2;0.07;10;24;1;3.42;0.72;11.1;6
7.9;0.69;0.21;2.1;0.08;33;141;1;3.25;0.51;9.9;5
7.9;0.69;0.21;2.1;0.08;33;141;1;3.25;0.51;9.9;5
7.6;0.3;0.42;2;0.05;6;24;1;3.44;0.82;11.9;6
7.2;0.33;0.33;1.7;0.06;3;13;1;3.23;1.1;10;8
8;0.5;0.39;2.6;0.08;12;46;1;3.43;0.62;10.7;6
7.7;0.28;0.3;2;0.06;18;34;1;3.28;0.9;11.3;7
8.2;0.24;0.34;5.1;0.06;8;22;1;3.22;0.94;10.9;6
6;0.51;0;2.1;0.06;40;54;1;3.54;0.93;10.7;6
8.1;0.29;0.36;2.2;0.05;35;53;1;3.27;1.01;12.4;7
6;0.51;0;2.1;0.06;40;54;1;3.54;0.93;10.7;6
6.6;0.96;0;1.8;0.08;5;16;0.99;3.5;0.44;11.9;6
6.4;0.47;0.4;2.4;0.07;8;19;1;3.56;0.73;10.6;6
8.2;0.24;0.34;5.1;0.06;8;22;1;3.22;0.94;10.9;6
9.9;0.57;0.25;2;0.1;12;89;1;3.04;0.9;10.1;5
10;0.32;0.59;2.2;0.08;3;15;1;3.2;0.78;9.6;5
6.2;0.58;0;1.6;0.07;8;18;1;3.56;0.84;9.4;5
10;0.32;0.59;2.2;0.08;3;15;1;3.2;0.78;9.6;5
7.3;0.34;0.33;2.5;0.06;21;37;1;3.35;0.77;12.1;7
7.8;0.53;0.01;1.6;0.08;3;19;1;3.16;0.46;9.8;5
7.7;0.64;0.21;2.2;0.08;32;133;1;3.27;0.45;9.9;5
7.8;0.53;0.01;1.6;0.08;3;19;1;3.16;0.46;9.8;5
7.5;0.4;0.18;1.6;0.08;24;58;1;3.34;0.58;9.4;5
7;0.54;0;2.1;0.08;39;55;1;3.39;0.84;11.4;6
6.4;0.53;0.09;3.9;0.12;14;31;1;3.5;0.67;11;4
8.3;0.26;0.37;1.4;0.08;8;23;1;3.26;0.7;9.6;6
8.3;0.26;0.37;1.4;0.08;8;23;1;3.26;0.7;9.6;6
7.7;0.23;0.37;1.8;0.05;23;60;1;3.41;0.71;12.1;6
7.6;0.41;0.33;2.5;0.08;6;23;1;3.3;0.58;11.2;5
7.8;0.64;0;1.9;0.07;27;55;1;3.31;0.63;11;5
7.9;0.18;0.4;2.2;0.05;38;67;1;3.33;0.93;11.3;5
7.4;0.41;0.24;1.8;0.07;18;47;1;3.37;0.62;10.4;5
7.6;0.43;0.31;2.1;0.07;13;74;1;3.26;0.54;9.9;6
5.9;0.44;0;1.6;0.04;3;11;0.99;3.48;0.85;11.7;6
6.1;0.4;0.16;1.8;0.07;11;25;1;3.42;0.74;10.1;7
10.2;0.54;0.37;15.4;0.21;55;95;1;3.18;0.77;9;6
10.2;0.54;0.37;15.4;0.21;55;95;1;3.18;0.77;9;6
10;0.38;0.38;1.6;0.17;27;90;1;3.15;0.65;8.5;5
6.8;0.92;0.29;4.8;0.07;15;39;1;3.53;0.54;11.1;5
7;0.59;0;1.7;0.05;3;8;1;3.41;0.47;10.3;5
7.3;0.67;0.02;2.2;0.07;31;92;1;3.32;0.68;11.07;6
7.2;0.37;0.32;2;0.06;15;28;0.99;3.23;0.73;11.3;7
7.4;0.79;0.19;5.2;0.09;19;98;1;3.16;0.52;9.57;6
6.9;0.63;0.02;1.9;0.08;18;30;1;3.4;0.75;9.8;5
6.9;0.58;0.2;1.75;0.06;8;22;0.99;3.38;0.49;11.7;5
7.3;0.67;0.02;2.2;0.07;31;92;1;3.32;0.68;11.1;6
7.4;0.79;0.19;5.2;0.09;19;98;1;3.16;0.52;9.6;6
6.9;0.63;0.02;1.9;0.08;18;30;1;3.4;0.75;9.8;5
6.8;0.67;0;1.9;0.08;22;39;1;3.4;0.74;9.7;5
6.9;0.58;0.01;1.9;0.08;40;54;1;3.4;0.73;9.7;5
7.2;0.38;0.31;2;0.06;15;29;0.99;3.23;0.76;11.3;8
7.2;0.37;0.32;2;0.06;15;28;0.99;3.23;0.73;11.3;7
7.8;0.32;0.44;2.7;0.1;8;17;1;3.33;0.78;11;7
6.6;0.58;0.02;2;0.06;37;53;0.99;3.35;0.76;11.6;7
7.6;0.49;0.33;1.9;0.07;27;85;1;3.41;0.58;9;5
11.7;0.45;0.63;2.2;0.07;7;23;1;3.21;0.69;10.9;6
6.5;0.9;0;1.6;0.05;9;17;0.99;3.5;0.63;10.9;6
6;0.54;0.06;1.8;0.05;38;89;0.99;3.3;0.5;10.55;6
7.6;0.49;0.33;1.9;0.07;27;85;1;3.41;0.58;9;5
8.4;0.29;0.4;1.7;0.07;8;20;1;3.39;0.6;10.5;5
7.9;0.2;0.35;1.7;0.05;7;15;0.99;3.32;0.8;11.9;7
6.4;0.42;0.09;2.3;0.05;34;64;1;3.41;0.68;10.4;6
6.2;0.79;0;2.1;0.06;6;13;1;3.59;0.61;10;4
6.8;0.64;0.03;2.3;0.08;14;31;1;3.36;0.58;10.4;6
6.9;0.63;0.01;2.4;0.08;14;39;1;3.34;0.53;10.8;6
6.8;0.59;0.1;1.7;0.06;34;53;1;3.41;0.67;9.7;5
6.8;0.59;0.1;1.7;0.06;34;53;1;3.41;0.67;9.7;5
7.3;0.48;0.32;2.1;0.06;31;54;1;3.3;0.65;10;7
6.7;1.04;0.08;2.3;0.07;19;32;1;3.52;0.57;11;4
7.3;0.48;0.32;2.1;0.06;31;54;1;3.3;0.65;10;7
7.3;0.98;0.05;2.1;0.06;20;49;1;3.31;0.55;9.7;3
10;0.69;0.11;1.4;0.08;8;24;1;2.88;0.47;9.7;5
6.7;0.7;0.08;3.75;0.07;8;16;0.99;3.43;0.52;12.6;5
7.6;0.35;0.6;2.6;0.07;23;44;1;3.38;0.79;11.1;6
6.1;0.6;0.08;1.8;0.07;14;45;0.99;3.38;0.54;11;5
9.9;0.5;0.5;13.8;0.21;48;82;1;3.16;0.75;8.8;5
5.3;0.47;0.11;2.2;0.05;16;89;0.99;3.54;0.88;13.57;7
9.9;0.5;0.5;13.8;0.21;48;82;1;3.16;0.75;8.8;5
5.3;0.47;0.11;2.2;0.05;16;89;0.99;3.54;0.88;13.6;7
7.1;0.88;0.05;5.7;0.08;3;14;1;3.4;0.52;10.2;3
8.2;0.28;0.6;3;0.1;10;22;1;3.39;0.68;10.6;5
5.6;0.62;0.03;1.5;0.08;6;13;0.99;3.66;0.62;10.1;4
8.2;0.28;0.6;3;0.1;10;22;1;3.39;0.68;10.6;5
7.2;0.58;0.54;2.1;0.11;3;9;1;3.33;0.57;10.3;4
8.1;0.33;0.44;1.5;0.04;6;12;1;3.35;0.61;10.7;5
6.8;0.91;0.06;2;0.06;4;11;1;3.53;0.64;10.9;4
7;0.66;0.16;2.1;0.07;8;25;1;3.37;0.55;9.7;5
6.8;0.68;0.21;2.1;0.07;9;23;1;3.38;0.6;10.3;5
6;0.64;0.05;1.9;0.07;9;17;0.99;3.52;0.78;10.6;5
5.6;0.54;0.04;1.7;0.05;5;13;0.99;3.72;0.58;11.4;5
6.2;0.57;0.1;2.1;0.05;4;11;0.99;3.44;0.76;10.8;6
7.1;0.22;0.49;1.8;0.04;8;18;0.99;3.39;0.56;12.4;6
5.6;0.54;0.04;1.7;0.05;5;13;0.99;3.72;0.58;11.4;5
6.2;0.65;0.06;1.6;0.05;6;18;0.99;3.57;0.54;11.95;5
7.7;0.54;0.26;1.9;0.09;23;147;1;3.26;0.59;9.7;5
6.4;0.31;0.09;1.4;0.07;15;28;0.99;3.42;0.7;10;7
7;0.43;0.02;1.9;0.08;15;28;0.99;3.35;0.81;10.6;6
7.7;0.54;0.26;1.9;0.09;23;147;1;3.26;0.59;9.7;5
6.9;0.74;0.03;2.3;0.05;7;16;1;3.45;0.63;11.5;6
6.6;0.9;0.04;2.3;0.07;7;13;1;3.53;0.58;10.8;6
6.9;0.74;0.03;2.3;0.05;7;16;1;3.45;0.63;11.5;6
7.5;0.73;0.04;1.5;0.08;8;15;1;3.26;0.53;9.6;5
7.8;0.82;0.29;4.3;0.08;21;64;1;3.16;0.53;9.4;5
7.3;0.59;0.18;2.4;0.08;15;60;1;3.31;0.54;9.8;5
6.2;0.44;0.39;2.5;0.08;6;14;1;3.51;0.69;11;6
7.5;0.38;0.57;2.3;0.11;5;12;1;3.36;0.55;11.4;6
6.7;0.76;0.02;1.8;0.08;6;12;1;3.55;0.63;9.95;3
6.8;0.81;0.05;2;0.07;6;14;1;3.51;0.66;10.8;6
7.5;0.38;0.57;2.3;0.11;5;12;1;3.36;0.55;11.4;6
7.1;0.27;0.6;2.1;0.07;17;25;1;3.38;0.72;10.6;6
7.9;0.18;0.4;1.8;0.06;7;20;0.99;3.28;0.7;11.1;5
6.4;0.36;0.21;2.2;0.05;26;48;1;3.47;0.77;9.7;6
7.1;0.69;0.04;2.1;0.07;19;27;1;3.44;0.67;9.8;5
6.4;0.79;0.04;2.2;0.06;11;17;1;3.53;0.65;10.4;6
6.4;0.56;0.15;1.8;0.08;17;65;0.99;3.33;0.6;10.5;6
6.9;0.84;0.21;4.1;0.07;16;65;1;3.53;0.72;9.23;6
6.9;0.84;0.21;4.1;0.07;16;65;1;3.53;0.72;9.25;6
6.1;0.32;0.25;2.3;0.07;23;58;1;3.42;0.97;10.6;5
6.5;0.53;0.06;2;0.06;29;44;0.99;3.38;0.83;10.3;6
7.4;0.47;0.46;2.2;0.11;7;20;1;3.32;0.63;10.5;5
6.6;0.7;0.08;2.6;0.11;14;27;1;3.44;0.58;10.2;5
6.5;0.53;0.06;2;0.06;29;44;0.99;3.38;0.83;10.3;6
6.9;0.48;0.2;1.9;0.08;9;23;1;3.39;0.43;9.05;4
6.1;0.32;0.25;2.3;0.07;23;58;1;3.42;0.97;10.6;5
6.8;0.48;0.25;2;0.08;29;61;1;3.34;0.6;10.4;5
6;0.42;0.19;2;0.08;22;47;1;3.39;0.78;10;6
6.7;0.48;0.08;2.1;0.06;18;34;1;3.33;0.64;9.7;5
6.8;0.47;0.08;2.2;0.06;18;38;1;3.3;0.65;9.6;6
7.1;0.53;0.07;1.7;0.07;15;24;1;3.29;0.66;10.8;6
7.9;0.29;0.49;2.2;0.1;21;59;1;3.31;0.67;10.1;6
7.1;0.69;0.08;2.1;0.06;42;52;1;3.42;0.6;10.2;6
6.6;0.44;0.09;2.2;0.06;9;18;0.99;3.42;0.69;11.3;6
6.1;0.71;0.1;2.8;0.08;13;28;1;3.6;0.66;10.2;5
7.2;0.53;0.13;2;0.06;18;22;1;3.21;0.68;9.9;6
8;0.39;0.3;1.9;0.07;32;84;1;3.39;0.61;9;5
6.6;0.56;0.14;2.4;0.06;13;29;0.99;3.42;0.62;11.7;7
7;0.55;0.13;2.2;0.08;15;35;1;3.36;0.59;9.7;6
6.1;0.53;0.08;1.9;0.08;24;45;1;3.6;0.68;10.3;6
5.4;0.58;0.08;1.9;0.06;20;31;0.99;3.5;0.64;10.2;6
6.2;0.64;0.09;2.5;0.08;15;26;1;3.57;0.63;12;5
7.2;0.39;0.32;1.8;0.07;34;60;1;3.46;0.78;9.9;5
6.2;0.52;0.08;4.4;0.07;11;32;1;3.56;0.63;11.6;6
7.4;0.25;0.29;2.2;0.05;19;49;1;3.4;0.76;10.9;7
6.7;0.86;0.02;1.9;0.06;29;38;0.99;3.3;0.56;10.75;6
11.1;0.44;0.42;2.2;0.06;14;19;1;3.25;0.57;10.4;6
8.4;0.37;0.43;2.3;0.06;12;19;1;3.17;0.81;11.2;7
6.5;0.63;0.33;1.8;0.06;16;28;1;3.36;0.64;10.1;6
7;0.57;0.02;2;0.07;17;26;1;3.36;0.61;10.2;5
6.3;0.6;0.1;1.6;0.05;12;26;0.99;3.55;0.51;12.1;5
11.2;0.4;0.5;2;0.1;19;50;1;3.1;0.58;10.4;5
7.4;0.36;0.3;1.8;0.07;17;24;0.99;3.24;0.7;11.4;8
7.1;0.68;0;2.3;0.09;17;26;1;3.45;0.53;9.5;5
7.1;0.67;0;2.3;0.08;18;27;1;3.44;0.54;9.4;5
6.3;0.68;0.01;3.7;0.1;32;54;1;3.51;0.66;11.3;6
7.3;0.74;0;2.2;0.08;18;28;1;3.41;0.6;9.4;5
6.6;0.86;0.02;2.4;0.06;15;23;1;3.54;0.6;11;6
7;0.56;0.17;1.7;0.07;15;24;1;3.44;0.68;10.55;7
6.6;0.88;0.04;2.2;0.07;12;20;1;3.53;0.56;9.9;5
6.6;0.86;0.02;2.4;0.06;15;23;1;3.54;0.6;11;6
6.9;0.63;0.33;6.7;0.24;66;115;1;3.22;0.56;9.5;5
7.8;0.6;0.26;2;0.08;31;131;1;3.21;0.52;9.9;5
7.8;0.6;0.26;2;0.08;31;131;1;3.21;0.52;9.9;5
7.8;0.6;0.26;2;0.08;31;131;1;3.21;0.52;9.9;5
7.2;0.7;0.13;2;0.08;12;20;1;3.29;0.54;10.1;5
7.2;0.7;0.13;2;0.08;12;20;1;3.29;0.54;10.1;5
7.2;0.7;0.13;2;0.08;12;20;1;3.29;0.54;10.1;5
6.7;0.67;0.02;1.9;0.06;26;42;0.99;3.39;0.82;10.9;6
6.7;0.16;0.64;2.1;0.06;24;52;0.99;3.34;0.71;11.2;6
7.2;0.7;0.13;2;0.08;12;20;1;3.29;0.54;10.1;5
7;0.56;0.13;1.6;0.08;25;42;1;3.34;0.59;9.2;5
6.2;0.51;0.14;1.9;0.06;15;34;0.99;3.48;0.57;11.5;6
6.4;0.36;0.53;2.2;0.23;19;35;0.99;3.37;0.93;12.4;6
6.4;0.38;0.14;2.2;0.04;15;25;1;3.44;0.65;11.1;6
7.3;0.69;0.32;2.2;0.07;35;104;1;3.33;0.51;9.5;5
6;0.58;0.2;2.4;0.08;15;50;0.99;3.58;0.67;12.5;6
5.6;0.31;0.78;13.9;0.07;23;92;1;3.39;0.48;10.5;6
7.5;0.52;0.4;2.2;0.06;12;20;0.99;3.26;0.64;11.8;6
8;0.3;0.63;1.6;0.08;16;29;1;3.3;0.78;10.8;6
6.2;0.7;0.15;5.1;0.08;13;27;1;3.54;0.6;11.9;6
6.8;0.67;0.15;1.8;0.12;13;20;1;3.42;0.67;11.3;6
6.2;0.56;0.09;1.7;0.05;24;32;0.99;3.54;0.6;11.3;5
7.4;0.35;0.33;2.4;0.07;9;26;0.99;3.36;0.6;11.9;6
6.2;0.56;0.09;1.7;0.05;24;32;0.99;3.54;0.6;11.3;5
6.1;0.72;0.1;2.6;0.05;13;27;0.99;3.57;0.5;11.9;5
6.2;0.46;0.29;2.1;0.07;32;98;1;3.33;0.62;9.8;5
6.7;0.32;0.44;2.4;0.06;24;34;0.99;3.29;0.8;11.6;7
7.2;0.39;0.44;2.6;0.07;22;48;0.99;3.3;0.84;11.5;6
7.5;0.31;0.41;2.4;0.07;34;60;0.99;3.34;0.85;11.4;6
5.8;0.61;0.11;1.8;0.07;18;28;0.99;3.55;0.66;10.9;6
7.2;0.66;0.33;2.5;0.07;34;102;0.99;3.27;0.78;12.8;6
6.6;0.73;0.2;7.8;0.07;29;79;1;3.29;0.54;9.2;5
6.3;0.55;0.15;1.8;0.08;26;35;0.99;3.32;0.82;11.6;6
5.4;0.74;0.09;1.7;0.09;16;26;0.99;3.67;0.56;11.6;6
6.3;0.51;0.13;2.3;0.08;29;40;1;3.42;0.75;11;6
6.8;0.62;0.08;1.9;0.07;28;38;1;3.42;0.82;9.5;6
6.2;0.6;0.08;2;0.09;32;44;0.99;3.45;0.58;10.5;5
5.9;0.55;0.1;2.2;0.06;39;51;1;3.52;0.76;11.2;6
6.3;0.51;0.13;2.3;0.08;29;40;1;3.42;0.75;11;6
5.9;0.65;0.12;2;0.08;32;44;1;3.57;0.71;10.2;5
6;0.31;0.47;3.6;0.07;18;42;1;3.39;0.66;11;6
